date,open,high,low,close,volume
2/1/2018,39.8129,40.3136,39.6023,40.3042,23917569
3/1/2018,40.3674,40.84,40.234,40.2972,27625587
4/1/2018,40.3697,40.5872,40.262,40.4843,20996338
5/1/2018,40.5803,41.0319,40.4891,40.9453,22143218
8/1/2018,40.7932,41.088,40.6949,40.7932,19249243
9/1/2018,40.84,40.9593,40.5732,40.7885,20200286
10/1/2018,40.5147,40.7814,40.4773,40.7791,22423849
11/1/2018,40.8494,41.0599,40.826,41.0108,17470956
12/1/2018,41.2214,41.4975,41.0974,41.4343,23788609
16/1/2018,41.6238,41.9724,41.212,41.2237,27670487
17/1/2018,41.2143,41.9396,40.9616,41.9045,32182282
18/1/2018,41.9677,42.1385,41.7057,41.942,29193654
19/1/2018,41.7899,42.0168,41.5091,41.7548,30346376
22/1/2018,41.4834,41.5957,41.3196,41.4132,25370709
23/1/2018,41.4834,41.9841,41.3711,41.4226,30593482
24/1/2018,41.4717,41.4834,40.5241,40.7628,47828882
25/1/2018,40.8306,40.9336,39.8994,40.0351,38866639
26/1/2018,40.2433,40.2433,39.7894,40.1287,36633612
29/1/2018,39.8128,39.8128,39.0899,39.2981,47393939
30/1/2018,38.7296,39.1601,38.5354,39.0665,43096173
31/1/2018,39.0431,39.4104,38.9565,39.1741,30396743
1/2/2018,39.1133,39.4525,39.0173,39.256,44202939
2/2/2018,38.8396,39.0267,37.4591,37.5527,81042517
5/2/2018,37.2251,38.3435,36.4998,36.6144,68075316
6/2/2018,36.226,38.306,36.0318,38.1446,63868796
7/2/2018,38.1586,38.2311,37.218,37.328,48300008
8/2/2018,37.5035,37.6696,36.2728,36.3009,50903618
9/2/2018,36.9,37.0926,35.2954,36.7449,66411550
12/2/2018,37.2359,38.5021,37.0033,38.2249,57152463
13/2/2018,38.0464,38.7042,37.9759,38.6079,30586741
14/2/2018,38.3025,39.3596,38.2649,39.3197,38194307
15/2/2018,39.8882,40.6635,39.7026,40.64,48063407
16/2/2018,40.492,41.0699,40.3533,40.5084,37753744
20/2/2018,40.4192,40.9384,40.2712,40.3722,31884758
21/2/2018,40.6024,40.9054,40.1748,40.1889,35212308
22/2/2018,40.3605,40.8655,40.3393,40.5249,29123331
23/2/2018,40.7998,41.2649,40.7692,41.2297,31773792
26/2/2018,41.4294,42.1436,41.3965,42.0449,35861337
27/2/2018,42.0754,42.3996,41.8546,41.9086,36581023
28/2/2018,42.113,42.4325,41.8288,41.8452,35504144
1/3/2018,41.9438,42.2352,40.5625,41.1122,45859602
2/3/2018,40.5954,41.4176,40.5132,41.3965,36135543
5/3/2018,41.1616,41.7559,40.9995,41.5398,26689028
6/3/2018,41.7958,41.8757,41.3776,41.5045,22354215
7/3/2018,41.0981,41.3118,40.9407,41.1192,29791980
8/3/2018,41.225,41.6103,41.1287,41.568,22340721
9/3/2018,41.8075,42.2868,41.6736,42.2821,30244646
12/3/2018,42.355,42.8483,42.3362,42.6909,30265245
13/3/2018,42.8953,43.1091,42.1083,42.2798,29782627
14/3/2018,42.362,42.4089,41.7723,41.9203,27597672
15/3/2018,41.9345,42.3432,41.8334,41.9697,21372526
16/3/2018,41.9697,42.0801,41.7277,41.8217,37028908
19/3/2018,41.6573,41.6925,40.7974,41.1827,31430223
20/3/2018,41.1686,41.5351,41.0981,41.1686,18464695
21/3/2018,41.1216,41.1333,40.2336,40.2359,34820745
22/3/2018,39.9376,40.5672,39.6087,39.6674,38989213
23/3/2018,39.5593,39.9187,38.7488,38.7488,38555033
26/3/2018,39.4841,40.6658,39.1012,40.5883,35277733
27/3/2018,40.8021,41.1475,39.214,39.5476,38455284
28/3/2018,39.2915,39.9422,38.8075,39.1106,39156176
29/3/2018,39.423,40.3487,39.2093,39.416,36083330
2/4/2018,39.1482,39.6885,38.6384,39.1576,35320587
3/4/2018,39.3831,39.6439,38.7347,39.5593,28452437
4/4/2018,38.7347,40.4098,38.7089,40.3158,32519047
5/4/2018,40.5437,40.9313,40.4263,40.5954,25309352
6/4/2018,40.1655,40.5202,39.5147,39.557,32894754
9/4/2018,39.9094,40.6635,39.9023,39.9493,27268140
10/4/2018,40.6424,40.8773,40.297,40.7011,26695787
11/4/2018,40.4615,40.8585,40.337,40.5108,21079148
12/4/2018,40.7387,41.1122,40.6518,40.9102,21509265
13/4/2018,41.0605,41.3096,40.8421,41.0488,23609509
16/4/2018,41.1192,41.3917,41.0722,41.3048,20277363
17/4/2018,41.4623,42.0378,41.4435,41.8734,25001314
18/4/2018,41.7724,42.0096,41.5539,41.7794,19503161
19/4/2018,40.8209,41.2039,40.5625,40.5954,32710119
20/4/2018,40.0785,40.2242,38.864,38.9321,61542507
23/4/2018,39.1928,39.214,38.5491,38.8193,34313874
24/4/2018,38.9204,39.0754,37.8749,38.279,31660637
25/4/2018,38.2038,38.8616,38.1545,38.4458,26670884
26/4/2018,38.5562,38.9344,38.38,38.5797,26277047
27/4/2018,38.528,38.6055,37.7363,38.1333,33505996
30/4/2018,38.0887,39.2939,38.0206,38.824,39869330
1/5/2018,39.0941,39.7496,38.8263,39.7261,50339523
2/5/2018,41.1662,41.7582,40.8303,41.481,62527515
3/5/2018,41.3189,41.6995,40.9806,41.5562,32014132
4/5/2018,41.8757,43.2853,41.8569,43.1866,52812774
7/5/2018,43.5038,44.0888,43.4028,43.4991,39891935
8/5/2018,43.4591,43.748,43.149,43.7081,26690297
9/5/2018,43.8256,44.0253,43.5132,44.0159,21811739
10/5/2018,44.1052,44.723,44.084,44.6455,26301753
11/5/2018,44.6879,44.8224,44.2069,44.4757,24726782
14/5/2018,44.5747,44.6973,44.3035,44.3719,19601272
15/5/2018,44.0489,44.1173,43.6527,43.9687,22352438
16/5/2018,43.8814,44.445,43.8649,44.379,18096010
17/5/2018,44.3366,44.5512,43.9498,44.0984,16313979
18/5/2018,44.1455,44.2917,43.8956,43.938,17260788
21/5/2018,44.3366,44.6361,44.0795,44.2493,17358046
22/5/2018,44.4262,44.5441,44.0489,44.1385,14377039
23/5/2018,43.9475,44.4545,43.8083,44.4215,18921729
24/5/2018,44.5181,44.5346,43.9144,44.3719,21917337
25/5/2018,44.3908,44.7256,44.254,44.4733,16471488
29/5/2018,44.2423,44.5135,44.0701,44.313,21238261
30/5/2018,44.2705,44.3365,44.0488,44.2186,17631312
31/5/2018,44.1526,44.3908,43.8979,44.0701,25925397
1/6/2018,44.3342,44.8695,44.2776,44.8648,22114026
4/6/2018,45.195,45.6148,45.1266,45.2398,24777723
5/6/2018,45.5322,45.7374,45.3648,45.5888,20343863
6/6/2018,45.6643,45.7704,45.261,45.7468,19747298
7/6/2018,45.7846,45.7987,45.3601,45.6242,20137474
8/6/2018,45.0841,45.2798,44.7539,45.2091,25146165
11/6/2018,45.1266,45.2728,44.8578,45.0983,17270977
12/6/2018,45.136,45.4237,45.0794,45.3459,15952757
13/6/2018,45.3789,45.4874,44.912,44.9733,20412171
14/6/2018,45.1738,45.1785,44.8601,44.9969,20385482
15/6/2018,44.8153,44.846,44.3979,44.5347,58221692
18/6/2018,44.3083,44.6243,44.1479,44.5111,17437390
19/6/2018,43.6621,43.9427,43.2635,43.7918,31675652
20/6/2018,43.9474,44.1479,43.8012,43.9828,19459689
21/6/2018,44.1596,44.4191,43.6149,43.7375,24254809
22/6/2018,43.8932,43.9003,43.5583,43.6102,25658985
25/6/2018,43.2518,43.6102,42.6221,42.9617,29868817
26/6/2018,43.155,43.9898,43.0489,43.4946,23176870
27/6/2018,43.6833,44.1668,43.4003,43.431,23852430
28/6/2018,43.4168,43.9144,43.3461,43.747,16381141
29/6/2018,43.9333,44.1455,43.1362,43.655,21449177
2/7/2018,43.3508,44.1715,43.2565,44.1432,16726495
3/7/2018,44.2871,44.3248,43.2848,43.3744,13164008
5/7/2018,43.6904,43.9616,43.4593,43.7234,15663260
6/7/2018,43.7281,44.438,43.6762,44.3295,16494338
9/7/2018,44.6903,44.9686,44.6431,44.945,18637011
10/7/2018,44.9757,45.1101,44.8507,44.8908,15035859
11/7/2018,44.4545,44.7564,44.2446,44.3083,17764355
12/7/2018,44.6974,45.1407,44.6455,45.0511,17018717
13/7/2018,45.0629,45.2422,45.0205,45.1219,11804755
16/7/2018,45.1667,45.4331,44.9072,45.0228,14190613
17/7/2018,44.7493,45.2492,44.6196,45.1502,14654182
18/7/2018,45.228,45.2328,44.7918,44.9026,15464418
19/7/2018,44.7351,45.4096,44.7351,45.2516,19137172
20/7/2018,45.228,45.3813,44.8483,45.1478,19504491
23/7/2018,44.9686,45.2704,44.7044,45.1879,15083292
24/7/2018,45.386,45.6713,45.2917,45.5157,17638301
25/7/2018,45.5298,45.952,45.3813,45.9449,15762954
26/7/2018,45.8954,46.2138,45.6596,45.8011,17994991
27/7/2018,45.985,46.0322,44.8318,45.0393,22662565
30/7/2018,45.2563,45.3271,44.5889,44.787,19837780
31/7/2018,44.879,45.3129,44.6526,44.8766,37141760
1/8/2018,46.9614,47.5816,46.5322,47.5203,64085853
2/8/2018,47.3034,49.1429,47.2491,48.9094,58867683
3/8/2018,48.8245,49.2278,48.459,49.0509,31551999
6/8/2018,49.0533,49.348,48.8339,49.3056,23984591
7/8/2018,49.3645,49.4069,48.7608,48.8433,24137377
8/8/2018,48.5933,49.0084,48.2325,48.8763,21248986
9/8/2018,49.414,49.4729,48.8645,49.2607,22161278
10/8/2018,49.0738,49.4856,48.9105,49.114,23297923
13/8/2018,49.5352,49.9234,49.1542,49.4311,24509325
14/8/2018,49.7364,49.8311,49.2868,49.6394,19640873
15/8/2018,49.514,49.8737,49.3034,49.7554,27270427
16/8/2018,50.1127,50.6003,50.0465,50.4843,26979613
17/8/2018,50.5127,51.5801,50.4465,51.4925,33536626
20/8/2018,51.6155,51.8711,50.9079,50.9907,28671513
21/8/2018,51.3078,51.4001,50.6523,50.8913,24763881
22/8/2018,50.6689,51.2037,50.6073,50.8937,18003283
23/8/2018,50.799,51.367,50.7872,50.9978,17875570
24/8/2018,51.2605,51.3315,50.9079,51.1564,17490491
27/8/2018,51.3906,51.7669,51.1966,51.5776,19429850
28/8/2018,51.8309,52.193,51.8096,51.9942,21561429
29/8/2018,52.1007,52.8911,51.9255,52.7704,25800461
30/8/2018,52.8343,54.02,52.6332,53.2556,46190163
31/8/2018,53.6058,54.1644,53.4851,53.8709,41027460
4/9/2018,54.0554,54.2377,53.6342,54.0436,25928527
5/9/2018,54.1927,54.3536,53.2721,53.691,31554319
6/9/2018,53.5395,53.8046,52.3728,52.7988,32460257
7/9/2018,52.503,53.336,52.2332,52.3728,35612368
10/9/2018,52.2899,52.5029,51.2297,51.6699,37407843
11/9/2018,51.5942,53.0828,51.251,52.9763,33841407
12/9/2018,53.2343,53.2485,52.0273,52.3184,46649165
13/9/2018,52.8983,54.0413,52.6734,53.5822,39480953
14/9/2018,53.4259,53.6839,52.6615,52.9739,30291775
17/9/2018,52.5739,52.7633,51.419,51.5634,35210314
18/9/2018,51.5421,52.5029,51.3835,51.6486,29886989
19/9/2018,51.7102,51.9752,50.9529,51.6794,25676452
20/9/2018,52.122,52.6048,51.864,52.0723,25188955
21/9/2018,52.2498,52.387,51.4238,51.5114,91110948
24/9/2018,51.3126,52.3633,51.2676,52.2521,26215649
25/9/2018,52.006,52.7326,51.9942,52.5835,23244184
26/9/2018,52.3019,52.9527,52.0084,52.1646,22704878
27/9/2018,52.9692,53.5892,52.9029,53.2366,28570695
28/9/2018,53.1988,53.4473,53.0165,53.4236,21705876
1/10/2018,53.9466,54.2945,53.5679,53.7833,22341440
2/10/2018,53.781,54.4318,53.6343,54.2614,23465500
3/10/2018,54.4436,55.253,54.3797,54.9217,27125787
4/10/2018,54.6164,54.9879,53.6579,53.9561,30332231
5/10/2018,53.9489,54.0554,52.2024,53.0804,31788602
8/10/2018,52.5882,53.2012,52.1125,52.9574,28081030
9/10/2018,52.9266,53.7857,52.5976,53.691,25456071
10/10/2018,53.3573,53.5679,51.1303,51.2037,39749937
11/10/2018,50.7683,51.9468,50.2476,50.7517,50289645
12/10/2018,52.1645,52.7467,51.3173,52.5645,38185431
15/10/2018,52.3397,52.4983,51.4191,51.4404,29147982
16/10/2018,51.812,52.7728,51.2984,52.574,27626732
17/10/2018,52.6095,52.69,51.909,52.3468,21664225
18/10/2018,51.5588,52.0037,50.4086,51.1233,30842766
19/10/2018,51.6061,52.3634,51.457,51.9019,31313618
22/10/2018,52.0155,52.8603,51.8143,52.219,27255738
23/10/2018,51.0782,52.8343,50.8108,52.7112,36699093
24/10/2018,52.6805,53.0663,50.773,50.9032,38741716
25/10/2018,51.5232,52.3917,51.296,52.0178,28262658
26/10/2018,51.0948,52.1101,50.3304,51.1895,44736641
29/10/2018,51.8735,51.9918,48.7732,50.2287,43484366
30/10/2018,49.9707,50.9244,49.5258,50.4795,34703769
31/10/2018,51.3268,52.1717,51.2653,51.7954,36312064
1/11/2018,51.8404,52.6237,51.3103,52.5906,55211090
2/11/2018,49.5921,50.5624,48.617,49.1022,86455371
5/11/2018,48.3496,48.3709,46.8989,47.7083,62633219
6/11/2018,47.7864,48.449,47.7319,48.2242,30181623
7/11/2018,48.7448,49.7127,48.3093,49.6867,31640831
8/11/2018,49.8673,49.9005,49.1002,49.5134,24093022
9/11/2018,48.8152,48.9244,48.0315,48.5587,32645544
12/11/2018,47.2597,47.4615,46.0224,46.1126,48575802
13/11/2018,45.5094,46.8275,45.4667,45.6519,44536097
14/11/2018,46.0484,46.1862,44.1557,44.3623,57757435
15/11/2018,44.7399,45.5901,44.386,45.4571,44152165
16/11/2018,45.241,46.3026,44.994,45.9606,35079767
19/11/2018,45.1223,45.2885,43.9325,44.1391,39826644
20/11/2018,42.3603,43.0965,41.6811,42.0302,64430031
21/11/2018,42.6833,42.8115,41.9281,41.9827,29566194
23/11/2018,41.5457,41.94,40.8713,40.9164,22441443
26/11/2018,41.3795,41.5481,40.4343,41.4697,42745947
27/11/2018,40.7312,41.5054,40.5815,41.3795,39315655
28/11/2018,41.9708,43.0537,41.5433,42.9706,43756677
29/11/2018,43.3791,43.4123,42.2012,42.6405,39679057
30/11/2018,42.8163,42.8258,42.0421,42.4102,37552667
3/12/2018,43.8066,43.9206,43.0348,43.8921,38760035
4/12/2018,42.973,43.315,41.8616,41.9613,39274675
6/12/2018,40.7905,41.5077,40.4723,41.4935,40941013
7/12/2018,41.2013,41.4388,39.9688,40.0139,40165036
10/12/2018,39.1852,40.394,38.7886,40.2776,58921189
11/12/2018,40.7668,40.7977,39.6601,40.0472,44914895
12/12/2018,40.4675,40.8285,40.1398,40.1588,33844250
13/12/2018,40.489,40.9829,40.2657,40.5982,30301860
14/12/2018,40.135,40.154,39.2516,39.2991,38666154
17/12/2018,39.292,39.9807,38.646,38.9334,42070966
18/12/2018,39.2753,39.7859,39.0402,39.4392,32147448
19/12/2018,39.4227,39.767,37.7816,38.2091,46592161
20/12/2018,38.0927,38.4988,36.8815,37.2449,61530674
21/12/2018,37.252,37.5607,35.535,35.7962,90951844
24/12/2018,35.1835,35.9909,34.813,34.87,35308588
26/12/2018,35.2191,37.3398,34.8439,37.3256,55649983
27/12/2018,37.0098,37.2306,35.6395,37.0834,50458218
28/12/2018,37.404,37.6462,36.7034,37.1024,40174421
31/12/2018,37.6486,37.8457,37.1618,37.461,33251328
2/1/2019,36.7841,37.7246,36.6274,37.5037,35185557
3/1/2019,34.1932,34.6064,33.723,33.7681,86741388
4/1/2019,34.3238,35.2785,34.1504,35.2096,55673345
7/1/2019,35.3141,35.3449,34.6491,35.1312,52035688
8/1/2019,35.5184,36.0551,35.2714,35.801,38971722
9/1/2019,35.9292,36.6986,35.535,36.4089,42841527
10/1/2019,36.2166,36.5657,35.8271,36.5253,33989618
11/1/2019,36.3068,36.5016,35.9815,36.1667,25670496
14/1/2019,35.8247,35.9244,35.4376,35.6228,30815337
15/1/2019,35.6869,36.4279,35.6347,36.3519,27273686
16/1/2019,36.3543,37.0192,36.3353,36.796,29039439
17/1/2019,36.6203,37.442,36.397,37.0145,28328418
18/1/2019,37.404,37.4942,37.043,37.2425,32061513
22/1/2019,37.1451,37.2211,36.245,36.4065,28872516
23/1/2019,36.6084,36.8435,36.0266,36.5538,21972748
24/1/2019,36.5989,36.6867,36.036,36.264,24167926
25/1/2019,36.9242,37.5536,36.6488,37.4657,31856769
28/1/2019,36.9979,37.1261,36.492,37.119,24880987
29/1/2019,37.1072,37.5536,36.5989,36.7343,39505474
30/1/2019,38.7695,39.4582,38.0523,39.2445,58050797
31/1/2019,39.4487,40.1351,39.0806,39.5271,38700270
1/2/2019,39.6506,40.1303,39.406,39.5461,31032812
4/2/2019,39.7575,40.7668,39.7266,40.6694,29918904
5/2/2019,41.0517,41.5789,40.9306,41.3652,34294406
6/2/2019,41.4769,41.6954,41.0494,41.3795,26825999
7/2/2019,40.9425,41.3083,40.4533,40.5958,30152795
8/2/2019,40.3048,40.7031,40.1689,40.6435,22724680
11/2/2019,40.7962,40.8343,40.3669,40.4098,20028073
12/2/2019,40.5696,40.7842,40.4742,40.758,21258842
13/2/2019,40.8772,41.1372,40.5266,40.5886,21456005
14/2/2019,40.4765,40.8462,40.3978,40.7365,20831616
15/2/2019,40.8439,40.9512,40.4861,40.6459,23494389
19/2/2019,40.4765,40.8891,40.4241,40.7675,18100360
20/2/2019,40.8296,41.3376,40.7819,41.0299,24913590
21/2/2019,40.975,41.1109,40.6172,40.7985,16456492
22/2/2019,40.9226,41.2613,40.8749,41.2541,18043523
25/2/2019,41.5379,41.9457,41.4878,41.5546,20867598
26/2/2019,41.4305,41.8097,41.3017,41.5784,16285243
27/2/2019,41.3113,41.7382,41.1968,41.7072,26555420
28/2/2019,41.576,41.7168,41.2421,41.297,26917964
1/3/2019,41.5665,41.774,41.235,41.7311,24695882
4/3/2019,41.9028,42.3942,41.4926,41.941,26174618
5/3/2019,41.9624,41.9767,41.6285,41.8646,18829792
6/3/2019,41.6595,41.855,41.4854,41.6237,19853446
7/3/2019,41.4688,41.6047,41.0275,41.142,23656197
8/3/2019,40.622,41.2779,40.4264,41.2397,22895797
11/3/2019,41.8551,42.7209,41.8217,42.6684,30539031
12/3/2019,42.9308,43.5676,42.7805,43.1478,30974640
13/3/2019,43.4674,43.7178,43.1502,43.3386,29605528
14/3/2019,43.8609,43.9086,43.5413,43.8204,22495251
15/3/2019,44.0875,44.679,43.8228,44.3904,37247581
18/3/2019,44.314,44.9317,44.3116,44.8435,25014096
19/3/2019,44.9223,45.0749,44.3427,44.4882,30191205
20/3/2019,44.4166,45.1941,44.0588,44.8769,29608069
21/3/2019,45.3206,46.8255,45.2705,46.5298,48687501
22/3/2019,46.5894,47.1499,45.5018,45.5662,40457634
25/3/2019,45.676,45.7881,44.5049,45.0153,41829169
26/3/2019,45.7117,46.0027,44.0231,44.5502,47510514
27/3/2019,45.0177,45.2586,44.493,44.9509,28475884
28/3/2019,45.0654,45.2108,44.7267,45.0105,19824845
29/3/2019,45.2753,45.3349,44.9676,45.3039,22480465
1/4/2019,45.7069,45.7164,44.9294,45.6115,26580791
2/4/2019,45.5758,46.3795,45.5662,46.2746,21718867
3/4/2019,46.0909,46.8661,46.0671,46.5918,22201690
4/4/2019,46.4582,46.8351,46.0647,46.6729,18235368
5/4/2019,46.8541,47.0092,46.7301,46.9853,17674677
8/4/2019,46.847,47.7557,46.8279,47.7247,24691582
9/4/2019,47.7772,48.3806,47.5172,47.5816,34123472
10/4/2019,47.386,47.8773,47.2667,47.8487,20697675
11/4/2019,47.9036,47.9393,47.3288,47.4504,19939710
12/4/2019,47.51,47.7342,46.7969,47.4313,26484157
15/4/2019,47.3622,47.6651,47.2262,47.5172,16730214
16/4/2019,47.572,48.0275,47.3573,47.5219,24514765
17/4/2019,47.5911,48.5069,47.3693,48.4473,27577540
18/4/2019,48.445,48.6907,48.3019,48.6215,23083216
22/4/2019,48.3757,48.879,48.2589,48.7812,18545585
23/4/2019,48.7574,49.5492,48.631,49.4848,22250511
24/4/2019,49.4562,49.7233,49.3823,49.4085,16734017
25/4/2019,49.3298,49.5516,48.9219,48.9601,17690509
26/4/2019,48.8695,48.8934,48.2065,48.7264,17791552
29/4/2019,48.7502,49.1247,48.6214,48.8003,21183638
30/4/2019,48.4306,48.5117,47.4885,47.8606,44395041
1/5/2019,50.0573,51.3523,49.9022,50.2099,61846328
2/5/2019,50.0477,50.7179,49.6398,49.8831,30524975
3/5/2019,50.2981,50.5247,50.1407,50.5032,19931675
6/5/2019,48.724,49.8092,48.5356,49.7233,30951228
7/5/2019,49.1032,49.4705,47.8987,48.3829,36981174
8/5/2019,48.154,48.9745,48.1182,48.3925,25128324
9/5/2019,47.7962,48.1015,46.9042,47.8725,33303347
10/5/2019,47.2668,47.6091,46.1534,47.2093,39465136
13/5/2019,44.9421,45.3658,43.7785,44.4656,55000777
14/5/2019,44.6308,45.4185,44.3914,45.1695,34984168
15/5/2019,44.5973,45.9093,44.5374,45.7106,25421625
16/5/2019,45.4687,46.0816,45.2125,45.5094,31633821
17/5/2019,44.7553,45.7058,44.7146,45.2509,31488018
20/5/2019,43.9389,44.1376,43.1631,43.8359,36978643
21/5/2019,44.3459,45.0115,44.2214,44.6763,27164723
22/5/2019,44.2118,44.4632,43.7066,43.7617,28489973
23/5/2019,43.0482,43.2254,42.5718,43.0147,34984172
24/5/2019,43.144,43.6085,42.7657,42.8495,22711360
28/5/2019,42.8375,43.2373,42.5957,42.6723,26765729
29/5/2019,42.239,42.9405,42.1384,42.4688,27276184
30/5/2019,42.6052,42.9117,42.2987,42.689,20320634
31/5/2019,42.1934,42.6148,41.8965,41.9157,25899387
3/6/2019,42.0426,42.598,40.7665,41.4919,38686923
4/6/2019,42.0043,43.0554,41.7841,43.0099,29657773
5/6/2019,44.1208,44.2908,43.369,43.7042,28513698
6/6/2019,43.8335,44.4058,43.6109,44.3459,21573244
7/6/2019,44.6547,45.95,44.4775,45.5262,29386151
10/6/2019,45.9236,46.776,45.8782,46.108,25111502
11/6/2019,46.6539,46.9268,46.3522,46.6419,25793371
12/6/2019,46.436,46.9197,46.302,46.4935,17480924
13/6/2019,46.6156,47.116,46.3522,46.4839,20757557
14/6/2019,45.8614,46.3498,45.5621,46.1463,17967704
17/6/2019,46.1846,46.6778,46.0098,46.4216,14048442
18/6/2019,46.9388,47.9539,46.7377,47.5134,25427630
19/6/2019,47.8079,47.8557,47.2404,47.3745,20230422
20/6/2019,47.9731,48.0305,47.4128,47.7552,20603738
21/6/2019,47.5972,48.088,47.4416,47.5924,45778152
24/6/2019,47.5349,47.9228,47.4463,47.5445,17449488
25/6/2019,47.5086,47.7074,46.7569,46.8239,20178834
26/6/2019,47.3506,48.1215,47.25,47.8366,24964576
27/6/2019,47.954,48.2604,47.7816,47.8223,20015455
28/6/2019,47.5685,47.7648,47.1782,47.3865,29794310
1/7/2019,48.6435,48.9595,48.0401,48.2556,26099923
2/7/2019,48.2221,48.6339,48.2101,48.5381,16218664
3/7/2019,48.6699,48.9476,48.5286,48.9404,10881284
5/7/2019,48.6866,49.1008,48.5789,48.8973,16535011
8/7/2019,48.0784,48.2197,47.5038,47.8893,24266530
9/7/2019,47.693,48.246,47.5996,48.1814,19707351
10/7/2019,48.3275,48.7776,48.2581,48.6579,17139897
11/7/2019,48.677,48.9356,48.2939,48.3035,19337489
12/7/2019,48.4711,48.8422,48.4112,48.6746,16850749
15/7/2019,48.8637,49.2899,48.8422,49.1319,16230358
16/7/2019,48.9834,49.3474,48.7225,48.9619,16153165
17/7/2019,48.8542,49.1032,48.6674,48.6866,13510621
18/7/2019,48.8423,49.2924,48.7704,49.2397,17756172
19/7/2019,49.2708,49.4407,48.4495,48.5046,20043780
22/7/2019,48.7585,49.6156,48.7489,49.6132,21335352
23/7/2019,49.91,50.0178,49.6299,50.001,17578593
24/7/2019,49.7209,50.0752,49.6012,49.9603,14357307
25/7/2019,50.013,50.0968,49.4959,49.5653,13321099
26/7/2019,49.6754,50.2141,49.5939,49.7376,16873434
29/7/2019,49.91,50.4319,49.9052,50.2021,20756394
30/7/2019,49.9818,50.317,49.6346,49.9866,32499861
31/7/2019,51.8158,53.001,50.59,51.0066,66350144
1/8/2019,51.2125,52.2014,49.4983,49.9029,51732473
2/8/2019,49.2085,49.424,48.2748,48.847,39133242
5/8/2019,47.4033,47.5613,46.108,46.29,50176311
6/8/2019,47.0011,47.4225,46.4576,47.1663,34309102
7/8/2019,46.7856,47.7792,46.4049,47.6547,31952783
8/8/2019,47.9324,48.7296,47.7384,48.7057,25866718
9/8/2019,48.3789,48.7298,47.8958,48.3044,23667642
12/8/2019,47.9751,48.5591,47.8622,48.1818,21612498
13/8/2019,48.3116,50.9841,48.1818,50.2222,45392486
14/8/2019,48.8259,49.6142,48.6889,48.7274,35134102
15/8/2019,48.898,49.3017,47.9871,48.4846,26174474
16/8/2019,49.0951,49.7872,48.9893,49.6286,26552286
19/8/2019,50.6188,51.1259,50.477,50.5539,23469507
20/8/2019,50.6813,51.2749,50.5467,50.5563,25844661
21/8/2019,51.1884,51.347,50.8544,51.1043,20702625
22/8/2019,51.2364,51.5369,50.65,51.061,21393131
23/8/2019,50.3328,50.9624,48.3068,48.7009,45007476
26/8/2019,49.4748,49.7944,49.2825,49.6262,25036465
27/8/2019,49.9554,50.1213,48.9148,49.0662,24872737
28/8/2019,49.0518,49.4412,48.8644,49.3955,15322435
29/8/2019,50.1092,50.3063,49.667,50.2318,20178759
30/8/2019,50.5083,50.578,49.7969,50.167,20325782
3/9/2019,49.6117,49.7439,49.0806,49.4363,19248674
4/9/2019,50.0828,50.3448,49.8257,50.2751,18446076
5/9/2019,50.9505,51.4239,50.8327,51.2581,22988950
6/9/2019,51.4432,51.5321,51.0731,51.2533,18613557
9/9/2019,51.633,52.0176,50.727,51.472,26253340
10/9/2019,51.3975,52.0992,50.8807,52.08,30549018
11/9/2019,52.4093,53.7647,52.3276,53.7359,42576887
12/9/2019,54.0267,54.416,53.5604,53.6157,30980449
13/9/2019,52.8731,53.063,52.1569,52.5727,38225628
16/9/2019,52.3276,52.9044,52.2867,52.8491,20339910
17/9/2019,52.8635,53.0701,52.6616,53.0413,17610288
18/9/2019,53.1278,53.558,52.7385,53.5388,24360070
19/9/2019,53.3561,53.7767,52.962,53.1038,21207489
20/9/2019,53.2047,53.4883,52.265,52.3275,53270178
23/9/2019,52.6208,52.8347,52.3083,52.5655,18424362
24/9/2019,53.1206,53.4715,52.1977,52.3155,29984607
25/9/2019,52.5246,53.2336,52.1857,53.1206,21056359
26/9/2019,52.8731,53.099,52.5919,52.8467,18105204
27/9/2019,53.0029,53.1038,52.2194,52.5895,24371611
30/9/2019,53.0894,53.9738,53.0629,53.8272,24972821
1/10/2019,54.0916,54.8486,53.8825,53.9762,33459812
2/10/2019,53.6086,53.7335,52.3757,52.6232,33273840
3/10/2019,52.4958,53.1038,51.7027,53.0702,27500275
4/10/2019,54.2285,54.6732,53.808,54.5578,33280907
7/10/2019,54.3799,55.2596,54.2766,54.5698,29394054
8/10/2019,54.2719,54.8102,53.9138,53.9306,26873974
9/10/2019,54.5626,54.7453,54.2285,54.5626,17969728
10/10/2019,54.779,55.3822,54.6276,55.2981,27160839
11/10/2019,55.9854,57.1126,55.8316,56.7689,40086375
14/10/2019,56.4541,57.2304,56.3988,56.6872,23174675
15/10/2019,56.8122,57.115,56.4493,56.555,20995431
16/10/2019,56.0864,56.5358,56.0455,56.3267,17761332
17/10/2019,56.4997,56.7545,56.1224,56.5454,16242911
18/10/2019,56.3796,57.0982,56.3075,56.817,23416458
21/10/2019,57.0837,57.9177,57.0356,57.8023,20968312
22/10/2019,57.9585,58.2084,57.5884,57.6701,19777797
23/10/2019,58.1844,58.4584,57.9729,58.444,18224107
24/10/2019,58.7636,58.8333,58.1147,58.5401,16649056
25/10/2019,58.4392,59.2971,58.3719,59.2611,17658933
28/10/2019,59.4631,59.9029,59.2948,59.8548,23209579
29/10/2019,59.8355,60.0229,58.2974,58.4704,34328943
30/10/2019,58.8237,58.9535,57.9705,58.4632,29926641
31/10/2019,59.4198,59.8836,57.0213,59.7851,33445144
1/11/2019,59.9725,61.5082,59.8812,61.4818,36320262
4/11/2019,61.8447,61.9697,61.3761,61.8856,24819610
5/11/2019,61.7774,62.0514,61.6019,61.7966,19201960
6/11/2019,61.7101,61.8832,61.3737,61.8231,18232671
7/11/2019,62.3703,62.7584,62.2184,62.5366,22885749
8/11/2019,62.3582,62.78,61.9146,62.7077,16870478
11/11/2019,62.2642,63.2694,62.2594,63.2043,19723309
12/11/2019,63.0477,63.3466,62.8958,63.1465,21065418
13/11/2019,62.9464,63.8262,62.9319,63.7515,24764518
14/11/2019,63.578,63.8504,63.1802,63.3104,21497863
15/11/2019,63.5611,64.0673,63.3996,64.0625,24155149
18/11/2019,64.0721,64.465,63.6937,64.3855,20900146
19/11/2019,64.5783,64.6024,63.9733,64.1902,18360388
20/11/2019,64.0095,64.1396,62.7705,63.443,25608226
21/11/2019,63.5635,63.6406,62.9584,63.1585,29262771
22/11/2019,63.2984,63.4406,62.8765,63.1031,15746897
25/11/2019,63.3272,64.2264,63.2814,64.2095,20253436
26/11/2019,64.3469,64.3999,63.2766,63.7081,25360688
27/11/2019,64.0191,64.5976,63.954,64.5639,15725302
29/11/2019,64.2649,64.6024,64.0962,64.4216,11237345
2/12/2019,64.4265,64.6627,63.5057,63.6768,22776509
3/12/2019,62.2666,62.5607,61.7797,62.5414,27583879
4/12/2019,62.9319,63.4719,62.8379,63.0934,16194374
5/12/2019,63.5876,64.0938,63.3321,64.0191,17940293
6/12/2019,64.4771,65.3256,64.4337,65.2557,25569937
9/12/2019,65.0845,65.2774,63.8576,64.3421,30865117
10/12/2019,64.747,65.1014,64.0865,64.7181,21796173
11/12/2019,64.7976,65.3496,64.7229,65.2701,18984615
12/12/2019,64.5494,65.7017,64.4385,65.4365,33099212
13/12/2019,65.4365,66.3622,65.3088,66.326,32201821
16/12/2019,66.7719,67.6855,66.7671,67.4613,30899715
17/12/2019,67.3914,67.9217,67.2058,67.5939,27518318
18/12/2019,67.4469,67.9531,67.2829,67.4324,27969091
19/12/2019,67.3746,67.7795,67.242,67.4999,23712275
20/12/2019,68.0326,68.1339,67.148,67.3601,66525571
23/12/2019,67.6228,68.5196,67.5843,68.4593,23761162
24/12/2019,68.6256,68.6739,68.199,68.5244,11686005
26/12/2019,68.6569,69.9008,68.628,69.8839,22447217
27/12/2019,70.1756,70.8626,69.4524,69.8574,35257980
30/12/2019,69.7754,70.554,68.7534,70.272,34739322
31/12/2019,69.8888,70.7927,69.7899,70.7855,24299591
2/1/2020,71.4098,72.4608,71.1567,72.4005,32658061
3/1/2020,71.6291,72.4559,71.4724,71.6966,35271651
6/1/2020,70.8192,72.3065,70.5685,72.2679,28537673
7/1/2020,72.2776,72.5331,71.7087,71.9281,26244030
8/1/2020,71.6315,73.3864,71.6315,73.0851,31838192
9/1/2020,74.0614,74.8303,73.8107,74.6375,41005283
10/1/2020,74.8713,75.3703,74.3048,74.8062,33902952
13/1/2020,75.122,76.4309,75.0039,76.4044,29295746
14/1/2020,76.3417,76.5515,75.2498,75.3727,39039722
15/1/2020,75.1726,76.0525,74.6182,75.0497,29390151
16/1/2020,75.5921,76.1007,75.2305,75.9898,26233692
17/1/2020,76.2381,76.8335,75.932,76.8311,33221177
21/1/2020,76.4599,76.901,76.173,76.3104,26719174
22/1/2020,76.7949,77.1348,76.4888,76.5828,24547089
23/1/2020,76.6358,77.0311,76.0886,76.9516,25183371
24/1/2020,77.1974,77.9399,76.5394,76.7298,35323429
27/1/2020,74.7412,75.1534,73.4925,74.4736,39036267
28/1/2020,75.3534,76.7515,75.2546,76.5804,39107132
29/1/2020,78.2099,79.0295,77.4699,78.1834,52122877
30/1/2020,77.2674,78.1231,76.8359,78.0701,30551932
31/1/2020,77.3614,77.7833,74.3145,74.6086,48111567
3/2/2020,73.3527,75.568,72.8513,74.4037,41892373
4/2/2020,76.0067,77.0504,75.6017,76.86,32931901
5/2/2020,77.9858,78.2847,76.8842,77.4868,28643672
6/2/2020,77.7567,78.3955,77.1999,78.3931,25413239
7/2/2020,77.8929,78.1418,76.837,77.3275,28435489
10/2/2020,75.914,77.6948,75.8343,77.6948,26421499
11/2/2020,78.1902,78.2627,77.0086,77.2261,22790942
12/2/2020,77.6755,79.0648,77.6755,79.06,27480212
13/2/2020,78.3327,78.8232,78.1297,78.497,22893472
14/2/2020,78.4656,78.7652,78.0089,78.5163,19357512
18/2/2020,76.1992,77.2599,76.018,77.0787,36855507
19/2/2020,77.3203,78.4245,77.3203,78.195,22708976
20/2/2020,77.9558,78.4439,76.8878,77.3928,24299358
21/2/2020,76.9869,77.429,75.0249,75.641,31303607
24/2/2020,71.8257,73.4978,69.8854,72.048,53688107
25/2/2020,72.7173,73.0991,69.1364,69.6076,55736725
26/2/2020,69.233,71.9755,69.2258,70.7118,47855156
27/2/2020,67.921,69.105,65.9542,66.0895,77466598
28/2/2020,62.1607,67.2711,61.9457,66.0509,103055931
2/3/2020,68.2061,72.8357,67.1043,72.2002,82490366
3/3/2020,73.3745,73.4543,69.0567,69.9072,77193573
4/3/2020,71.6276,73.3093,70.8278,73.1498,52959160
5/3/2020,71.4053,72.3791,70.4122,70.7771,45322473
6/3/2020,68.1385,70.2696,67.9524,69.8371,54650146
9/3/2020,63.7289,67.1938,63.5476,64.3136,69285007
10/3/2020,66.9642,69.2113,65.0867,68.9455,68933419
11/3/2020,67.0246,67.95,65.6884,66.551,61759270
12/3/2020,61.8417,65.239,59.9232,59.9788,101114162
13/3/2020,64.0043,67.636,61.1193,67.1648,89578518
16/3/2020,58.4614,62.6004,57.9902,58.5242,77905880
17/3/2020,59.8048,62.2452,57.6036,61.0975,78300291
18/3/2020,57.9347,60.4065,57.2944,59.6019,72544262
19/3/2020,59.7758,61.0927,58.6209,59.1452,65687754
20/3/2020,59.7251,60.8486,55.0907,55.3903,97059444
23/3/2020,55.11,55.2115,51.3721,54.2136,81368194
24/3/2020,57.1107,59.8483,56.6129,59.6526,69474982
25/3/2020,60.5877,62.3999,59.0292,59.324,73358118
26/3/2020,59.5656,62.5038,59.527,62.4458,60910799
27/3/2020,61.0709,61.8248,59.6937,59.8604,49344068
30/3/2020,60.5853,61.7403,60.2615,61.5687,40587452
31/3/2020,61.7596,63.4244,60.8898,61.4431,47600824
1/4/2020,59.5608,60.0972,57.78,58.2101,42578933
2/4/2020,58.0723,59.2346,57.2411,59.1814,40093931
3/4/2020,58.6668,59.3675,57.7413,58.3309,31382367
6/4/2020,60.624,63.5742,60.2567,63.4196,48765074
7/4/2020,65.4323,65.6497,62.5811,62.685,49022797
8/4/2020,63.4848,64.6035,63.1199,64.2894,40809453
9/4/2020,64.9249,65.2559,63.9584,64.7533,39103464
13/4/2020,64.8307,66.133,64.2314,66.0243,31658513
14/4/2020,67.6552,69.6487,67.1841,69.3587,47115784
15/4/2020,68.2352,69.1848,67.8075,68.7257,31690321
16/4/2020,69.4384,69.6366,68.223,69.2717,37965502
17/4/2020,68.7885,69.3345,66.8965,68.3318,52009972
20/4/2020,67.16,68.0612,66.8942,66.9135,31415058
21/4/2020,66.7564,66.9907,64.1347,64.8451,43732229
22/4/2020,66.1113,67.1478,65.7706,66.7129,28236978
23/4/2020,66.6574,68.0781,66.4157,66.4544,30158405
24/4/2020,66.9787,68.3826,66.9304,68.3729,30483822
27/4/2020,68.0902,68.7522,67.6432,68.4212,28291394
28/4/2020,68.8827,69.0639,67.2203,67.3121,27063243
29/4/2020,68.7981,69.9918,68.5952,69.523,33170587
30/4/2020,70.0619,71.1661,69.6728,70.9897,44233010
1/5/2020,69.1654,72.2461,69.0688,69.8468,58139252
4/5/2020,69.871,70.9632,69.1824,70.8351,32273512
5/5/2020,71.2941,72.7294,71.1492,71.8982,35700515
6/5/2020,72.5989,73.2706,72.2147,72.64,34391487
7/5/2020,73.2659,73.737,72.9638,73.3915,27838995
8/5/2020,74.0505,75.1916,73.7234,75.1383,32426369
11/5/2020,74.6464,76.8149,74.4381,76.3206,35359883
12/5/2020,77.0038,77.4545,75.3273,75.4484,39322327
13/5/2020,75.6277,76.5483,73.4617,74.5374,48606768
14/5/2020,73.7767,75.056,73.0547,74.9954,38505392
15/5/2020,72.7688,74.598,72.7349,74.552,40302902
18/5/2020,75.8748,76.6816,75.1843,76.3085,32751019
19/5/2020,76.3255,77.1711,75.8361,75.8676,24647061
20/5/2020,76.7252,77.4133,76.6864,77.343,27015367
21/5/2020,77.2049,77.7452,76.529,76.7664,24879437
22/5/2020,76.5048,77.3431,76.403,77.2607,19819287
26/5/2020,78.3775,78.5568,76.6816,76.7373,30411453
27/5/2020,76.5944,77.2171,75.8555,77.0717,27364366
28/5/2020,76.747,78.363,76.4708,77.1056,32359106
29/5/2020,77.3479,77.8082,76.6743,77.0305,37197828
1/6/2020,76.9845,78.0989,76.8536,77.9778,19574087
2/6/2020,77.7113,78.363,77.2703,78.3388,21234093
3/6/2020,78.6587,79.0318,78.0869,78.7701,25316136
4/6/2020,78.5932,78.8912,77.7186,78.0917,21214137
5/6/2020,78.3412,80.3764,78.3121,80.3158,33253019
8/6/2020,80.013,80.8246,79.3031,80.7907,23175151
9/6/2020,80.4709,83.7344,80.4394,83.3419,35787761
10/6/2020,84.2892,85.9537,83.8507,85.4861,40376361
11/6/2020,84.6309,85.0549,81.2801,81.3819,48858795
12/6/2020,83.5188,84.265,80.9749,82.0845,48491394
15/6/2020,80.7398,83.7513,80.5775,83.0996,33630589
16/6/2020,85.1517,85.5733,83.5187,85.3019,40080070
17/6/2020,86.0457,86.1063,85.0621,85.1832,27718374
18/6/2020,85.1396,85.6338,84.609,85.2171,23457634
19/6/2020,85.9222,86.3874,83.623,84.7302,64077274
22/6/2020,85.1226,87.0899,85.0766,86.947,32815654
23/6/2020,88.1899,90.2202,87.7708,88.8029,51401065
24/6/2020,88.4322,89.3504,86.8622,87.2353,46668729
25/6/2020,87.3904,88.4322,86.632,88.3934,33318914
26/6/2020,88.2893,88.5098,85.5297,85.6775,49729631
29/6/2020,85.5855,87.7466,85.1082,87.6521,31652928
30/6/2020,87.2401,88.6696,87.2208,88.3837,33973260
1/7/2020,88.4613,89.004,88.1681,88.2166,26829418
2/7/2020,89.1227,89.7575,88.1027,88.2166,27630008
6/7/2020,89.6436,91.044,89.6121,90.5764,28747886
7/7/2020,90.9543,91.732,90.1839,90.2953,27238174
8/7/2020,91.2717,92.4298,91.1845,92.3983,28369043
9/7/2020,93.29,93.3433,91.749,92.7957,30440750
10/7/2020,92.3911,93.0161,91.7805,92.958,21867517
13/7/2020,94.2615,96.8684,92.316,92.5292,46432791
14/7/2020,91.9114,94.2518,90.9786,94.0604,41427279
15/7/2020,95.9332,96.1828,93.5104,94.7073,37116830
16/7/2020,93.5807,94.3971,92.9435,93.5419,26790745
17/7/2020,93.9925,94.1476,92.8805,93.3529,22335016
20/7/2020,93.4401,95.4583,93.0961,95.3202,21882240
21/7/2020,96.11,96.1851,93.7551,94.0046,25059785
22/7/2020,93.7066,94.9495,93.6194,94.2687,21563302
23/7/2020,94.0022,94.0797,89.1687,89.9779,47730201
24/7/2020,88.1778,90.099,86.3922,89.755,44928088
27/7/2020,90.8163,91.9744,90.5934,91.8823,29367738
28/7/2020,91.4535,91.6303,90.3681,90.3729,25106421
29/7/2020,90.855,92.2893,90.8187,92.1052,21884967
30/7/2020,91.279,93.3239,90.872,93.2197,38311756
31/7/2020,99.7079,103.129,97.7115,102.979,90694328
3/8/2020,104.859,108.19,104.561,105.574,74658866
4/8/2020,105.762,107.369,105.04,106.279,41931770
5/8/2020,106,106.984,105.535,106.664,29504091
6/8/2020,106.996,110.88,106.407,110.385,49044454
7/8/2020,109.907,110.363,107.079,107.876,48069002
10/8/2020,109.32,110.46,106.795,109.443,51553907
11/8/2020,108.708,109.206,105.929,106.189,45607069
12/8/2020,107.278,109.975,107.084,109.718,40193416
13/8/2020,111.096,112.662,110.608,111.66,50990460
14/8/2020,111.485,111.65,109.752,111.56,40185447
17/8/2020,112.681,112.706,110.643,111.269,29019619
18/8/2020,111.021,112.621,110.686,112.196,25639063
19/8/2020,112.604,113.749,112.242,112.337,35324512
20/8/2020,112.378,114.943,112.361,114.829,30802505
21/8/2020,115.788,121.23,115.776,120.747,82051611
24/8/2020,124.948,125.033,120.327,122.191,83964854
25/8/2020,121.065,121.533,119.468,121.188,51333536
26/8/2020,122.504,123.293,121.439,122.837,39568293
27/8/2020,123.438,123.771,120.225,121.368,37755178
28/8/2020,122.341,122.759,120.948,121.172,45540950
31/8/2020,123.863,127.184,122.329,125.281,219127342
1/9/2020,128.892,130.873,126.727,130.271,147521471
2/9/2020,133.582,133.96,123.3,127.572,194289049
3/9/2020,123.213,125.087,116.99,117.358,250094945
4/9/2020,116.572,120.096,107.66,117.436,322917431
8/9/2020,110.63,115.524,109.397,109.533,224626371
9/9/2020,113.844,115.669,111.902,113.902,171785818
10/9/2020,116.854,116.99,109.223,110.184,176964207
11/9/2020,111.232,111.873,106.795,108.737,175591290
14/9/2020,111.378,112.553,109.514,111.999,136067208
15/9/2020,114.883,115.368,110.3,112.174,179262867
16/9/2020,111.873,112.621,108.776,108.863,150172852
17/9/2020,106.524,108.931,105.543,107.126,172825062
18/9/2020,107.184,107.65,102.999,103.728,278740860
21/9/2020,101.494,106.98,100.096,106.873,190012178
22/9/2020,109.397,109.572,105.98,108.553,177722546
23/9/2020,108.368,108.844,103.66,103.999,146327850
24/9/2020,102.106,107.038,101.941,105.067,162856548
25/9/2020,105.271,109.164,104.533,109.009,145612063
28/9/2020,111.659,111.96,109.494,111.611,133661626
29/9/2020,111.213,111.951,110.261,110.766,96486972
30/9/2020,110.475,113.844,110.31,112.436,138518634
1/10/2020,114.213,114.29,112.456,113.388,112737507
2/10/2020,109.601,112.009,108.951,109.727,140496120
5/10/2020,110.591,113.252,110.242,113.106,103148594
6/10/2020,112.329,112.737,108.98,109.863,156793259
7/10/2020,111.281,112.184,110.805,111.727,94027520
8/10/2020,112.863,113.009,111.252,111.621,81045274
9/10/2020,111.922,113.591,111.572,113.562,97578907
12/10/2020,116.562,121.533,115.805,120.776,233228360
13/10/2020,121.62,121.737,116.164,117.572,254688039
14/10/2020,117.475,119.446,116.135,117.659,146321342
15/10/2020,115.261,117.669,114.708,117.193,109280054
16/10/2020,117.747,118.009,115.349,115.553,112032042
19/10/2020,116.465,116.912,112.29,112.601,117124762
20/10/2020,112.815,115.514,112.261,114.087,120798884
21/10/2020,113.271,115.252,113.058,113.465,87325660
22/10/2020,114.028,114.601,111.252,112.378,99016823
23/10/2020,112.999,113.155,110.951,111.689,80167056
26/10/2020,110.689,113.155,109.591,111.698,108592204
27/10/2020,112.125,113.863,111.203,113.203,89588506
28/10/2020,111.698,112.067,107.863,107.96,139744447
29/10/2020,109.096,113.523,108.931,111.96,141872040
30/10/2020,107.825,108.727,104.582,105.689,184729420
2/11/2020,105.931,107.456,104.193,105.601,119287415
3/11/2020,106.465,108.242,105.562,107.223,104489026
4/11/2020,110.815,112.223,109.077,111.601,134208331
5/11/2020,114.514,116.135,113.465,115.562,122705066
6/11/2020,115.071,115.927,112.941,115.431,111315105
9/11/2020,117.191,118.64,112.864,113.126,150272638
10/11/2020,112.377,114.361,110.996,112.786,134233559
11/11/2020,113.972,116.345,113.243,116.209,109211657
12/11/2020,116.336,117.221,115.314,115.937,100329729
13/11/2020,116.16,116.384,114.634,115.985,79341852
16/11/2020,115.655,117.668,114.906,116.997,88679295
17/11/2020,116.267,117.357,115.694,116.112,72231673
18/11/2020,115.353,116.53,114.76,114.789,74226492
19/11/2020,114.361,115.791,113.603,115.382,72078016
20/11/2020,115.382,115.509,114.07,114.118,71583287
23/11/2020,113.963,114.39,110.627,110.724,124445786
24/11/2020,110.782,112.669,109.498,112.008,110747480
25/11/2020,112.377,113.544,112.008,112.844,74398719
27/11/2020,113.369,114.264,113.029,113.389,45409262
30/11/2020,113.758,117.648,113.603,115.781,164758641
1/12/2020,117.687,120.08,116.715,119.35,124221087
2/12/2020,118.67,119.982,117.571,119.701,86560345
3/12/2020,120.129,120.381,118.854,119.564,76799363
4/12/2020,119.234,119.487,118.183,118.893,76111552
7/12/2020,118.952,121.15,118.893,120.352,84331081
8/12/2020,120.955,121.548,119.71,120.965,79967769
9/12/2020,121.111,122.492,117.678,118.436,111929114
10/12/2020,117.191,120.469,116.851,119.856,79079545
11/12/2020,119.068,119.389,117.24,119.049,84552631
14/12/2020,119.234,119.963,118.203,118.436,77010275
15/12/2020,120.926,124.388,120.722,124.369,152926138
16/12/2020,123.912,124.845,123.085,124.301,95511994
17/12/2020,125.361,126.022,124.524,125.166,91768901
18/12/2020,125.419,125.555,122.657,123.182,187254742
21/12/2020,121.587,124.787,120.06,124.709,117922311
22/12/2020,127.996,130.719,126.09,128.259,164267090
23/12/2020,128.531,128.794,127.189,127.364,85801253
24/12/2020,127.714,129.796,127.5,128.346,53421843
28/12/2020,130.311,133.569,129.844,132.937,121068089
29/12/2020,134.26,134.979,130.651,131.167,117723638
30/12/2020,131.857,132.256,129.737,130.048,93803779
31/12/2020,130.398,131.04,128.103,129.047,96395058
4/1/2021,129.854,129.941,123.28,125.857,139367160
5/1/2021,125.351,128.123,124.904,127.413,94983271
6/1/2021,124.213,127.452,122.91,123.124,150829695
7/1/2021,124.836,128.016,124.349,127.325,106569403
8/1/2021,128.794,128.988,126.654,128.424,102270789
11/1/2021,125.643,126.596,124.972,125.438,97628168
12/1/2021,124.972,126.129,123.377,125.263,89426371
13/1/2021,125.225,127.841,124.962,127.296,86203063
14/1/2021,127.209,127.403,125.225,125.37,87744497
15/1/2021,125.244,126.644,123.513,123.649,108534237
19/1/2021,124.271,125.176,123.454,124.32,88265326
20/1/2021,125.127,128.852,125.02,128.405,101455158
21/1/2021,130.126,135.835,129.922,133.112,116851864
22/1/2021,132.538,136.01,131.313,135.251,111316643
25/1/2021,139.142,141.106,132.791,138.996,153283995
26/1/2021,139.657,140.338,137.488,139.229,95689051
27/1/2021,139.492,140.338,136.555,138.159,136976594
28/1/2021,135.689,138.091,132.947,133.326,138705028
29/1/2021,132.1,132.986,126.635,128.337,172649429
1/2/2021,130.077,131.663,127.335,130.457,103322680
2/2/2021,132.003,132.567,130.914,131.283,81018035
3/2/2021,132.032,132.042,129.941,130.262,87412967
4/2/2021,132.557,133.627,130.895,133.618,81871634
5/2/2021,133.778,133.846,132.327,133.204,73725407
8/2/2021,132.493,133.398,131.411,133.35,69443140
9/2/2021,133.067,134.294,132.317,132.473,74777710
10/2/2021,132.931,133.428,130.905,131.869,71147086
11/2/2021,132.366,132.843,130.291,131.616,62608425
12/2/2021,130.856,132.006,130.214,131.85,58581070
16/2/2021,131.967,132.473,129.337,129.727,78480977
17/2/2021,127.837,128.782,126.103,127.438,95372200
18/2/2021,125.84,126.619,124.097,126.337,94338023
19/2/2021,126.853,127.311,125.451,126.493,85389020
22/2/2021,124.681,126.347,122.334,122.723,101214079
23/2/2021,120.542,123.415,115.311,122.587,154157223
24/2/2021,121.691,122.295,119.051,122.09,108152420
25/2/2021,121.438,123.172,117.405,117.844,144345627
26/2/2021,119.402,121.603,118.048,118.107,160281097
1/3/2021,120.532,124.603,119.597,124.467,113283385
2/3/2021,125.071,125.373,121.759,121.866,99601643
3/3/2021,121.564,122.441,118.672,118.886,110028676
4/3/2021,118.584,120.386,115.535,117.006,173522199
5/3/2021,117.834,118.769,114.513,118.262,149767934
8/3/2021,117.785,117.853,113.188,113.334,150362092
9/3/2021,115.935,118.886,115.701,117.941,126157530
10/3/2021,118.525,118.993,116.344,116.86,109032289
11/3/2021,119.353,120.006,118.107,118.788,100347355
12/3/2021,117.269,118.019,116.061,117.883,85813989
15/3/2021,118.253,120.775,117.288,120.766,90000884
16/3/2021,122.431,123.912,121.477,122.305,112231442
17/3/2021,120.824,122.587,119.159,121.516,109021868
18/3/2021,119.685,119.977,117.191,117.396,118077205
19/3/2021,116.782,118.272,116.568,116.87,180724347
22/3/2021,117.201,120.649,117.133,120.181,109002072
23/3/2021,120.123,121.009,118.964,119.353,92984519
24/3/2021,119.626,119.704,116.948,116.967,86228294
25/3/2021,116.431,118.496,115.905,117.454,96274279
26/3/2021,117.22,118.321,115.828,118.058,91624930
29/3/2021,118.487,119.392,117.59,118.233,78717528
30/3/2021,116.987,117.269,115.769,116.782,83444073
31/3/2021,118.487,120.308,118,118.974,115246897
1/4/2021,120.444,120.951,119.305,119.801,73136478
5/4/2021,120.649,122.879,119.87,122.626,86345846
6/4/2021,123.211,123.824,122.383,122.928,78086503
7/4/2021,122.558,124.593,121.886,124.574,81296174
8/4/2021,125.597,126.999,125.178,126.97,86534272
9/4/2021,126.425,129.58,126.103,129.541,103912365
12/4/2021,129.074,129.395,127.233,127.827,89042690
13/4/2021,128.996,131.158,128.499,130.934,88893150
14/4/2021,131.431,131.489,128.236,128.597,84954598
15/4/2021,130.34,131.489,130.165,131.002,87023677
16/4/2021,130.808,131.168,129.814,130.671,82714076
19/4/2021,130.038,131.947,129.873,131.334,91812939
20/4/2021,131.509,132.006,128.382,129.649,92346796
21/4/2021,128.918,130.272,127.886,130.028,67056766
22/4/2021,129.58,130.661,127.993,128.509,82367412
23/4/2021,128.723,131.606,128.723,130.827,76612065
26/4/2021,131.324,131.548,130.087,131.217,65165279
27/4/2021,131.499,131.889,130.623,130.895,64299114
28/4/2021,130.817,131.509,129.619,130.106,104957837
29/4/2021,132.921,133.505,129.006,130.009,147171672
30/4/2021,128.353,130.087,127.662,128.042,106983222
3/5/2021,128.606,130.584,128.402,129.093,73181270
4/5/2021,127.778,128.071,123.405,124.525,133987372
5/5/2021,125.84,127.058,124.642,124.769,81816483
6/5/2021,124.564,126.376,123.824,126.366,76096627
7/5/2021,127.664,128.064,126.327,127.039,77050308
10/5/2021,126.259,126.386,123.722,123.761,85926665
11/5/2021,120.493,123.195,119.781,122.844,123071231
12/5/2021,120.395,121.605,119.273,119.781,109440950
13/5/2021,121.547,123.078,121.234,121.927,103283594
14/5/2021,123.176,124.776,122.786,124.347,79923302
17/5/2021,123.732,123.839,122.122,123.195,72436729
18/5/2021,123.478,123.898,121.742,121.81,61800499
19/5/2021,120.161,121.878,119.868,121.654,90356899
20/5/2021,122.181,124.61,122.054,124.21,74985629
21/5/2021,124.708,124.883,122.161,122.376,77364570
24/5/2021,122.942,124.825,122.873,124.005,61556580
25/5/2021,124.708,125.195,123.244,123.81,70256077
26/5/2021,123.868,124.288,123.342,123.761,55198276
27/5/2021,123.361,124.532,122.034,122.229,92321442
28/5/2021,122.512,122.737,121.517,121.576,69574648
1/6/2021,122.034,122.298,120.922,121.254,65990146
2/6/2021,121.254,122.19,121.029,122.015,57835464
3/6/2021,121.644,121.81,120.132,120.532,74373018
4/6/2021,121.049,123.088,120.834,122.825,73338940
7/6/2021,123.098,123.244,121.79,122.834,69327328
8/6/2021,123.517,125.332,123.137,123.654,72592079
9/6/2021,124.113,124.639,123.439,124.034,55492930
10/6/2021,123.927,125.069,122.873,123.039,69452999
11/6/2021,123.449,124.337,123.029,124.249,52219118
14/6/2021,124.708,127.361,123.976,127.303,94546818
15/6/2021,126.776,127.42,126.239,126.483,61218444
16/6/2021,127.196,127.703,125.332,126.981,89579342
17/6/2021,126.639,129.322,126.493,128.581,94366517
18/6/2021,127.527,128.308,127.069,127.283,106300288
21/6/2021,127.127,129.186,126.064,129.079,77723502
22/6/2021,128.913,130.815,128.415,130.718,72962627
23/6/2021,130.513,131.049,129.986,130.444,58747982
24/6/2021,131.176,131.361,129.693,130.161,67037904
25/6/2021,130.21,130.63,129.576,129.869,69060132
28/6/2021,130.161,131.957,130.103,131.498,60598887
29/6/2021,131.518,133.167,131.079,133.01,62984176
30/6/2021,132.854,134.064,132.561,133.625,61720974
1/7/2021,133.274,133.986,132.454,133.928,51207780
2/7/2021,134.542,136.591,134.396,136.552,76932554
6/7/2021,136.659,139.664,136.659,138.562,105547563
7/7/2021,140.045,141.362,139.186,141.05,102356988
8/7/2021,138.133,140.552,137.245,139.752,103004732
9/7/2021,139.274,142.104,139.176,141.577,97458479
12/7/2021,142.65,142.757,140.494,140.981,74441789
13/7/2021,140.523,143.869,140.133,142.094,98371984
14/7/2021,144.494,145.928,144.084,145.518,123957115
15/7/2021,145.606,146.348,143.508,144.865,104219217
16/7/2021,144.845,146.113,142.328,142.825,90980726
19/7/2021,140.25,140.562,138.22,138.981,118477631
20/7/2021,139.967,143.518,139.479,142.591,94003912
21/7/2021,141.986,142.572,141.108,141.859,73167403
22/7/2021,142.386,144.591,142.26,143.225,75455004
23/7/2021,143.957,145.099,143.342,144.943,69707673
26/7/2021,144.66,146.182,144.104,145.362,70670333
27/7/2021,145.489,145.577,142.006,143.196,102266302
28/7/2021,141.284,143.391,139.069,141.45,116035195
29/7/2021,141.167,142.982,141.059,142.094,55318880
30/7/2021,140.864,142.767,140.601,142.308,68725367
2/8/2021,142.796,143.372,141.713,141.977,61348877
3/8/2021,142.26,144.435,141.645,143.772,63209053
4/8/2021,143.684,144.191,142.718,143.372,54995744
5/8/2021,143.401,144.24,142.611,143.479,45267919
6/8/2021,143,143.743,142.297,142.795,52887928
9/8/2021,142.854,143.342,142.189,142.746,47789280
10/8/2021,143.088,144.329,141.974,142.268,67443296
11/8/2021,142.707,143.362,142.199,142.521,47383562
12/8/2021,142.844,145.639,142.502,145.482,70628193
13/8/2021,145.56,146.02,144.876,145.687,58016025
16/8/2021,145.14,147.73,143.117,147.661,100931716
17/8/2021,146.792,148.208,145.678,146.752,90118715
18/8/2021,146.371,147.27,142.805,143.01,84350163
19/8/2021,141.71,144.613,141.193,143.342,84969935
20/8/2021,144.065,145.101,143.421,144.798,59163730
23/8/2021,144.915,146.752,144.505,146.283,58755488
24/8/2021,146.029,147.407,145.736,146.195,47493898
25/8/2021,146.381,146.879,144.417,144.964,57641093
26/8/2021,144.955,145.707,144.134,144.163,47484906
27/8/2021,144.104,145.345,143.469,145.199,54525178
30/8/2021,145.59,149.977,145.209,149.615,88874889
31/8/2021,149.166,149.303,147.827,148.355,84474353
1/9/2021,149.332,151.433,148.853,149.019,78475453
2/9/2021,150.348,151.179,148.912,150.133,69487781
3/9/2021,150.241,151.091,149.586,150.768,56485544
7/9/2021,151.423,153.661,150.856,153.104,80395073
8/9/2021,153.387,153.446,150.456,151.56,72716850
9/9/2021,151.931,152.537,150.426,150.544,55994070
10/9/2021,151.452,151.921,145.296,145.56,137668366
13/9/2021,147.182,147.954,145.345,146.127,100060471
14/9/2021,146.909,147.612,143.548,144.73,106794705
15/9/2021,145.16,146.02,143.02,145.619,81375157
16/9/2021,145.042,145.56,143.85,145.385,66476938
17/9/2021,145.414,145.414,142.424,142.717,126896293
20/9/2021,140.509,141.525,138.037,139.668,120652724
21/9/2021,140.636,141.29,139.512,140.147,74098272
22/9/2021,141.144,143.079,140.411,142.512,74655566
23/9/2021,143.293,143.714,142.307,143.469,63354159
24/9/2021,142.326,144.095,142.228,143.557,52253900
27/9/2021,142.14,142.619,140.528,142.043,72453502
28/9/2021,139.971,141.437,138.447,138.662,106478093
29/9/2021,139.209,141.144,138.779,139.561,72894506
30/9/2021,140.372,141.075,138.046,138.261,87018340
1/10/2021,138.652,139.649,135.926,139.385,92473471
4/10/2021,138.515,138.955,135.105,135.955,96071561
5/10/2021,136.297,138.984,136.17,137.88,79010309
6/10/2021,136.278,138.896,135.203,138.75,81316333
7/10/2021,139.786,140.919,139.453,140.01,60319728
8/10/2021,140.733,140.88,139.297,139.629,57427997
11/10/2021,139.014,141.495,138.564,139.541,62976989
12/10/2021,139.952,139.971,137.812,138.271,71364244
13/10/2021,138.007,138.164,136.014,137.685,76959950
14/10/2021,138.857,140.587,138.271,140.47,68307056
15/10/2021,140.479,141.583,140.225,141.525,66385281
18/10/2021,140.167,143.479,139.883,143.196,83630197
19/10/2021,143.645,145.756,143.196,145.355,74630698
20/10/2021,145.296,146.322,144.73,145.844,57081696
21/10/2021,145.404,146.215,144.486,146.059,60015195
22/10/2021,146.264,146.743,145.238,145.287,57535644
25/10/2021,145.277,145.951,144.241,145.238,49559697
26/10/2021,145.912,147.387,145.599,145.902,59499646
27/10/2021,145.941,146.303,145.091,145.443,54810992
28/10/2021,146.391,149.664,146.293,149.078,97787266
29/10/2021,143.85,146.508,143.059,146.371,122093206
1/11/2021,145.58,146.274,144.417,145.551,72881121
2/11/2021,145.257,148.101,145.248,146.586,67539916
3/11/2021,146.948,148.492,146.391,148.023,53263842
4/11/2021,148.111,148.941,147.192,147.505,59012277
5/11/2021,148.63,148.934,146.839,148.033,64058901
8/11/2021,148.16,148.317,146.937,147.211,53840021
9/11/2021,146.976,148.18,146.839,147.573,55569112
10/11/2021,146.8,146.908,144.677,144.745,63788036
11/11/2021,145.763,146.223,144.51,144.696,40120054
12/11/2021,145.244,147.172,144.315,146.771,62434632
15/11/2021,147.143,148.62,146.223,146.781,57951760
16/11/2021,146.722,148.239,146.135,147.759,57984429
17/11/2021,147.759,151.673,147.749,150.196,86901026
18/11/2021,150.411,155.265,149.765,154.482,134869647
19/11/2021,154.266,157.564,153.171,157.104,114787932
22/11/2021,158.21,162.144,157.545,157.564,114946812
23/11/2021,157.662,158.327,155.646,157.946,93980638
24/11/2021,157.3,158.66,156.214,158.464,67972753
26/11/2021,156.145,157.006,153.004,153.445,75308067
29/11/2021,155.95,157.73,155.382,156.801,86843470
30/11/2021,156.556,161.968,156.488,161.752,170312647
1/12/2021,163.885,166.645,160.999,161.234,148789143
2/12/2021,155.333,160.676,154.413,160.245,133804518
3/12/2021,160.5,161.42,156.292,158.367,115490096
6/12/2021,160.764,164.277,160.754,161.772,105189898
7/12/2021,165.451,167.898,164.727,167.506,117821235
8/12/2021,168.436,172.184,167.036,171.322,114487848
9/12/2021,171.156,172.957,170.187,170.814,106585984
10/12/2021,171.45,175.775,170.941,175.599,112925899
13/12/2021,177.233,178.221,171.763,171.968,149948168
14/12/2021,171.489,173.925,168.514,170.589,136388994
15/12/2021,171.352,175.648,168.612,175.452,128250373
16/12/2021,175.432,177.252,167.085,168.563,146962464
17/12/2021,166.283,169.747,166.048,167.467,191238331
20/12/2021,164.668,166.919,163.866,166.107,105191938
21/12/2021,167.878,169.483,165.49,169.277,89228874
22/12/2021,169.326,172.086,168.455,171.87,90157885
23/12/2021,172.076,173.054,171.508,172.497,66889500
27/12/2021,173.289,176.548,173.27,176.46,73311652
28/12/2021,176.293,177.438,174.698,175.442,77445671
29/12/2021,175.481,176.753,174.317,175.53,61010752
30/12/2021,175.618,176.695,174.268,174.375,58490128
31/12/2021,174.268,175.383,173.456,173.759,62687398
3/1/2022,174.013,178.955,173.896,178.104,102245380
4/1/2022,178.71,179.014,175.276,175.843,97178957
5/1/2022,175.755,176.303,170.892,171.166,92508598
6/1/2022,168.993,171.538,167.956,168.309,94824226
7/1/2022,169.179,170.403,167.359,168.475,84848156
10/1/2022,165.451,168.798,164.561,168.494,104474161
11/1/2022,168.622,171.42,167.154,171.322,74504205
12/1/2022,172.34,173.377,171.068,171.763,73199699
13/1/2022,172.007,172.829,168.103,168.494,82692108
14/1/2022,167.663,170.05,167.418,169.355,78714346
18/1/2022,167.829,168.837,165.774,166.156,89004559
19/1/2022,166.351,167.408,162.378,162.662,92780040
20/1/2022,163.396,166.038,160.656,160.979,89458441
21/1/2022,160.891,162.76,158.817,158.924,120212274
24/1/2022,156.586,158.817,151.38,158.151,158811422
25/1/2022,155.568,159.267,153.65,156.351,113313134
26/1/2022,159.991,160.862,154.433,156.263,105951473
27/1/2022,158.964,160.324,154.883,155.803,119337195
28/1/2022,162.154,166.694,159.306,166.674,176073838
31/1/2022,166.508,171.244,165.872,171.029,113061799
1/2/2022,170.275,171.088,168.612,170.863,84363567
2/2/2022,170.999,172.105,169.61,172.066,83091859
3/2/2022,170.735,172.458,168.426,169.189,87498998
4/2/2022,168.21,170.581,167.23,168.905,80798345
7/2/2022,169.365,170.434,167.494,168.19,75689525
8/2/2022,168.258,171.805,167.964,171.296,73316480
9/2/2022,172.491,173.079,171.364,172.716,69843933
10/2/2022,170.62,171.933,168.082,168.641,89028996
11/2/2022,168.846,169.581,164.643,165.231,96676047
14/2/2022,163.986,166.152,163.193,165.466,84443214
15/2/2022,167.514,169.454,166.808,169.297,61263390
16/2/2022,168.376,169.836,166.612,169.062,59940663
17/2/2022,167.572,168.435,165.064,165.466,68182515
18/2/2022,166.387,167.092,162.83,163.918,81099435
22/2/2022,161.645,163.32,158.872,160.998,89319904
23/2/2022,162.193,162.791,156.521,156.834,88189616
24/2/2022,149.495,159.558,148.927,159.45,138294107
25/2/2022,160.528,161.782,157.618,161.518,90114910
28/2/2022,159.764,162.076,159.146,161.782,93134974
1/3/2022,161.37,163.232,158.696,159.901,81786908
2/3/2022,161.067,163.977,159.656,163.193,78113120
3/3/2022,165.064,165.495,162.203,162.87,75128318
4/3/2022,161.165,162.203,158.823,159.871,82044392
7/3/2022,160.058,161.684,155.825,156.08,94469663
8/3/2022,155.609,159.587,152.65,154.257,128497095
9/3/2022,158.216,160.107,156.188,159.656,89606102
10/3/2022,156.961,157.148,152.827,155.315,103212433
11/3/2022,155.717,156.06,151.377,151.602,95009829
14/3/2022,148.388,151.004,147.066,147.575,106533996
15/3/2022,147.85,152.425,147.34,151.955,91084993
16/3/2022,153.875,156.766,151.337,156.364,100232145
17/3/2022,155.404,157.745,154.443,157.373,74086803
18/3/2022,157.265,161.155,156.53,160.665,121014878
21/3/2022,160.205,162.987,159.715,162.037,93874547
22/3/2022,162.164,165.995,161.576,165.407,79883781
23/3/2022,164.594,169.15,164.261,166.769,96080302
24/3/2022,167.602,170.62,166.769,170.551,88309355
25/3/2022,170.365,171.737,169.258,171.188,78917942
28/3/2022,168.689,172.178,168.523,172.05,88545008
29/3/2022,173.118,175.391,172.775,175.342,98555916
30/3/2022,174.941,175.979,173.128,174.176,90760578
31/3/2022,174.245,174.431,170.874,171.08,100966124
1/4/2022,170.512,171.345,168.464,170.786,77159287
4/4/2022,171.041,174.882,170.914,174.833,74922576
5/4/2022,173.912,174.696,170.894,171.521,71917957
6/4/2022,168.876,170.12,166.691,168.356,87258447
7/4/2022,167.7,169.855,166.416,168.66,76026083
8/4/2022,168.307,168.307,165.779,166.652,75027467
11/4/2022,165.299,165.613,162.154,162.399,70786205
12/4/2022,164.623,166.436,163.271,164.271,77662829
13/4/2022,164.006,167.582,163.399,166.955,69191312
14/4/2022,167.171,167.808,161.704,161.949,73806588
18/4/2022,160.606,163.232,160.263,161.733,67628536
19/4/2022,161.684,164.427,160.596,164.016,66354719
20/4/2022,165.348,165.466,162.742,163.849,66556581
21/4/2022,165.495,168.062,162.556,163.056,85464427
22/4/2022,163.095,164.476,158.235,158.519,83166442
25/4/2022,157.863,159.871,155.257,159.587,94104774
26/4/2022,158.97,159.058,153.552,153.63,93690123
27/4/2022,152.758,156.56,152.239,153.405,86282981
28/4/2022,156.031,161.194,155.717,160.332,127584374
29/4/2022,158.568,162.84,154.071,154.463,129084234
2/5/2022,153.542,155.031,150.172,154.767,120567707
3/5/2022,154.953,157.461,153.16,156.256,87167980
4/5/2022,156.442,163.115,156.04,162.664,106068026
5/5/2022,160.538,160.763,151.818,153.601,127886652
6/5/2022,153.081,156.446,151.285,154.327,113944237
9/5/2022,152.021,152.904,148.646,149.205,129107375
10/5/2022,152.6,153.797,150.059,151.609,113200560
11/5/2022,150.618,152.531,143.072,143.749,140010641
12/5/2022,140.089,143.455,136.194,139.883,179173473
13/5/2022,141.875,145.319,140.423,144.348,111850636
16/5/2022,142.817,144.75,141.473,142.807,85017011
17/5/2022,146.065,146.958,143.926,146.438,76865474
18/5/2022,144.093,144.593,137.273,138.176,107682396
19/5/2022,137.254,139,134.035,134.771,133540253
20/5/2022,136.478,138.058,130.12,135.007,134845777
23/5/2022,135.203,140.57,135.066,140.423,115515898
24/5/2022,138.166,139.304,134.751,137.725,102177504
25/5/2022,135.831,139.128,135.742,137.882,90746247
26/5/2022,134.81,141.63,134.565,141.08,88900375
27/5/2022,142.66,146.87,142.533,146.83,89270312
31/5/2022,146.271,147.831,144.083,146.045,101770997
1/6/2022,147.085,148.891,144.907,145.918,72891784
2/6/2022,145.054,148.43,144.103,148.371,70989701
3/6/2022,144.142,145.192,141.748,142.65,86907337
6/6/2022,144.269,145.781,142.179,143.396,70254081
7/6/2022,141.64,146.202,141.394,145.918,66535024
8/6/2022,145.79,147.056,144.691,145.182,52937230
9/6/2022,144.318,145.172,139.854,139.962,68168579
10/6/2022,137.646,138.117,134.487,134.555,89721097
13/6/2022,130.375,132.661,128.972,129.404,119912520
14/6/2022,130.63,131.376,129.011,130.267,83192391
15/6/2022,131.769,134.761,129.679,132.887,89814399
16/6/2022,129.6,129.904,126.617,127.618,106093771
17/6/2022,127.628,130.581,127.373,129.09,131994517
21/6/2022,130.915,134.487,130.817,133.319,79479632
22/6/2022,132.259,135.173,131.396,132.809,72030886
23/6/2022,134.251,135.988,133.083,135.674,71073813
24/6/2022,137.273,139.245,137.146,139,87443548
27/6/2022,140.021,140.796,138.323,139,68889681
28/6/2022,139.461,140.727,134.742,134.859,65823829
29/6/2022,134.879,138.029,134.104,136.616,64998624
30/6/2022,134.673,135.772,131.258,134.153,97106382
1/7/2022,133.486,136.429,133.113,136.322,69717561
5/7/2022,135.183,138.951,134.359,138.902,71976525
6/7/2022,138.696,141.414,138.431,140.236,72673651
7/7/2022,140.6,143.798,140.59,143.602,65009706
8/7/2022,142.533,144.78,142.277,144.279,63335861
11/7/2022,142.935,143.887,141.08,142.15,61956044
12/7/2022,143.023,145.663,142.327,143.121,76131975
13/7/2022,140.305,143.7,139.452,142.758,69849029
14/7/2022,141.375,146.153,140.56,145.682,76673516
15/7/2022,146.968,148.027,145.417,147.35,74828040
18/7/2022,147.91,148.724,143.945,144.309,79892134
19/7/2022,145.143,148.391,144.152,148.165,81424309
20/7/2022,148.283,150.834,147.547,150.167,63606267
21/7/2022,151.599,152.649,149.087,152.433,63864556
22/7/2022,152.472,153.346,150.53,151.197,65423500
25/7/2022,151.118,152.129,149.421,150.078,52617054
26/7/2022,149.401,150.216,147.969,148.754,54103431
27/7/2022,149.715,154.376,149.303,153.846,77144512
28/7/2022,154.033,154.68,151.511,154.396,79850735
29/7/2022,158.212,160.558,156.505,159.459,99875741
1/8/2022,157.987,160.518,157.869,158.477,66555840
2/8/2022,157.094,159.361,156.633,157.006,58782204
3/8/2022,157.82,163.462,157.732,163.011,80958367
4/8/2022,162.893,164.051,161.343,162.697,54432535
5/8/2022,160.368,162.962,160.162,162.471,55709749
8/8/2022,163.473,164.888,161.341,161.999,59227292
9/8/2022,161.164,162.933,160.407,162.048,62036141
10/8/2022,164.76,166.391,163.994,166.293,68948611
11/8/2022,167.099,168.013,165.261,165.556,56154067
12/8/2022,166.863,169.172,166.45,169.103,66854621
15/8/2022,168.533,170.371,168.366,170.174,53149819
16/8/2022,169.771,170.685,168.671,170.017,55395396
17/8/2022,169.762,173.083,169.565,171.511,78156953
18/8/2022,170.725,171.854,170.105,171.117,61205433
19/8/2022,170.017,170.715,168.327,168.533,69121351
22/8/2022,166.735,166.902,164.23,164.652,67824835
23/8/2022,164.171,165.772,163.748,164.318,53204229
24/8/2022,164.406,165.183,163.355,164.613,52903958
25/8/2022,165.841,167.177,165.419,167.069,50326347
26/8/2022,167.6,168.072,160.712,160.771,77586059
29/8/2022,158.344,160.063,157.037,158.57,72037388
30/8/2022,159.307,159.729,154.974,156.143,76549619
31/8/2022,157.518,157.784,154.404,154.482,86458895
1/9/2022,153.913,155.661,151.977,155.21,72937362
2/9/2022,156.968,157.568,152.271,153.097,75617743
6/9/2022,153.745,154.355,151.014,151.839,72431219
7/9/2022,152.124,153.942,150.935,153.244,85926858
8/9/2022,151.947,153.637,150.021,151.77,83445028
9/9/2022,152.763,155.072,152.055,154.63,66844208
12/9/2022,156.811,161.4,156.526,160.584,103128405
13/9/2022,157.116,157.745,150.699,151.161,120520793
14/9/2022,152.095,154.364,150.935,152.606,86433666
15/9/2022,151.957,152.537,148.744,149.717,88905564
16/9/2022,148.577,148.715,145.786,148.076,159453081
19/9/2022,146.71,151.869,146.504,151.79,80055522
20/9/2022,150.729,155.327,150.414,154.168,105814597
21/9/2022,154.6,155.976,150.925,151.043,99925971
22/9/2022,149.727,151.78,148.282,150.08,85143598
23/9/2022,148.557,148.833,145.973,147.811,94357755
26/9/2022,147.054,151.092,147.034,148.145,91714117
27/9/2022,150.08,152.026,147.339,149.117,82972298
28/9/2022,145.069,148.017,142.318,147.231,144137027
29/9/2022,143.556,144.165,138.23,139.999,125906933
30/9/2022,138.82,140.608,135.597,135.794,122749955
3/10/2022,135.803,140.579,135.292,139.969,112321176
4/10/2022,142.505,143.674,141.748,143.556,86300738
5/10/2022,141.561,144.814,140.52,143.851,78087152
6/10/2022,143.271,144.971,142.691,142.898,67211100
7/10/2022,140.058,140.608,137.022,137.651,84429370
10/10/2022,137.975,139.419,136.157,137.975,73594802
11/10/2022,137.464,138.889,135.813,136.56,75692345
12/10/2022,136.707,137.916,135.754,135.931,69207245
13/10/2022,132.639,141.09,132.03,140.5,111252419
14/10/2022,141.797,142.003,135.784,135.97,87055250
17/10/2022,138.613,140.412,137.827,139.93,83766417
18/10/2022,142.957,144.145,138.162,141.247,97410347
19/10/2022,139.223,142.426,139.036,141.355,60682917
20/10/2022,140.53,143.35,140.166,140.893,63398501
21/10/2022,140.382,145.275,140.166,144.706,85041537
24/10/2022,144.627,147.614,143.458,146.848,74658813
25/10/2022,147.477,149.835,146.759,149.687,73430985
26/10/2022,148.331,149.343,145.462,146.749,86658591
27/10/2022,145.492,146.455,141.62,142.279,107279047
28/10/2022,145.619,154.758,145.246,153.028,161893393
31/10/2022,150.493,151.554,149.275,150.67,96237721
1/11/2022,152.38,152.743,146.533,148.027,78979638
2/11/2022,146.356,149.52,142.475,142.505,91974668
3/11/2022,139.586,140.313,136.334,136.462,96213457
4/11/2022,139.847,140.418,132.259,136.196,138592372
7/11/2022,134.946,136.954,133.529,136.727,82058683
8/11/2022,138.194,139.198,135.32,137.298,88489493
9/11/2022,136.314,136.363,132.466,132.741,73735402
10/11/2022,139.011,144.552,137.298,144.552,116978167
11/11/2022,143.518,147.642,142.091,147.337,92496428
14/11/2022,146.619,147.908,145.103,145.94,72216038
15/11/2022,149.818,151.166,146.215,147.672,88449897
16/11/2022,146.776,147.505,144.965,146.442,63204765
17/11/2022,144.119,149.089,143.843,148.341,79120621
18/11/2022,149.906,150.29,147.603,148.902,73648569
21/11/2022,147.79,147.997,145.389,145.674,57797274
22/11/2022,145.792,148.046,144.611,147.81,50986473
23/11/2022,147.091,149.434,146.983,148.686,57381244
25/11/2022,145.969,146.53,144.798,145.772,34640408
28/11/2022,142.849,144.326,141.117,141.944,68153102
29/11/2022,142.013,142.524,138.135,138.942,82441748
30/11/2022,139.168,146.373,138.332,145.694,109622943
1/12/2022,145.871,146.776,144.296,145.969,70125844
2/12/2022,143.656,145.664,143.351,145.477,64414437
5/12/2022,145.438,148.538,143.469,144.316,67740095
6/12/2022,144.749,144.975,139.68,140.654,63705633
7/12/2022,139.946,141.107,137.79,138.715,68620670
8/12/2022,140.113,141.255,138.873,140.399,61147749
9/12/2022,140.094,143.273,138.676,139.916,74895967
12/12/2022,140.448,142.219,138.834,142.21,69350580
13/12/2022,147.141,147.603,141.964,143.174,92404428
14/12/2022,143.056,144.345,138.932,140.95,80992388
15/12/2022,138.883,139.562,133.883,134.346,97370443
16/12/2022,134.533,135.477,131.619,132.387,157629110
19/12/2022,132.978,133.066,129.247,130.281,78336387
20/12/2022,129.316,131.147,127.84,130.212,76210673
21/12/2022,130.881,134.651,130.655,133.312,84571803
22/12/2022,132.23,132.436,128.243,130.143,76623352
23/12/2022,128.854,130.33,127.594,129.779,62807732
27/12/2022,129.306,129.336,126.688,127.978,67918631
28/12/2022,127.623,128.962,123.883,124.051,84089918
29/12/2022,125.97,128.421,125.714,127.564,74508889
30/12/2022,126.383,127.899,125.419,127.879,75818360
3/1/2023,128.224,128.834,122.21,123.096,110347931
4/1/2023,124.887,126.629,123.106,124.366,87707148
5/1/2023,125.123,125.753,122.791,123.047,79684860
6/1/2023,124.021,128.234,122.919,127.574,86369662
9/1/2023,128.411,131.304,127.84,128.096,69673486
10/1/2023,128.204,129.188,126.098,128.667,62887732
11/1/2023,129.178,131.403,128.401,131.383,68362616
12/1/2023,131.767,132.141,129.365,131.304,70253021
13/1/2023,129.946,132.791,129.582,132.633,56897297
17/1/2023,132.702,135.123,132.013,133.794,62642085
18/1/2023,134.661,136.422,132.899,133.076,68573164
19/1/2023,131.964,134.1,131.659,133.135,57360546
20/1/2023,133.145,135.842,132.102,135.694,78957432
23/1/2023,135.94,141.058,135.724,138.883,80469900
24/1/2023,138.096,140.901,138.086,140.281,65386579
25/1/2023,138.666,140.182,136.619,139.621,64760779
26/1/2023,140.91,141.973,139.66,141.688,53251167
27/1/2023,140.9,144.906,140.822,143.627,69442224
30/1/2023,142.672,143.253,140.595,140.743,63004933
31/1/2023,140.448,142.062,140.034,142.013,64834816
1/2/2023,141.698,144.296,139.09,143.135,76437847
2/2/2023,146.55,148.794,145.831,148.44,116471249
3/2/2023,145.694,154.896,145.497,152.061,151921052
6/2/2023,150.162,150.684,148.4,149.335,68755752
7/2/2023,148.262,152.78,148.262,152.209,82007541
8/2/2023,151.451,152.14,148.784,149.522,63108115
9/2/2023,151.353,151.894,148.046,148.489,55123133
10/2/2023,147.326,149.179,147.089,148.854,56630275
13/2/2023,148.794,152.057,148.765,151.653,61310789
14/2/2023,149.948,151.574,148.706,151.012,60826414
15/2/2023,150.924,153.279,150.697,153.112,64637411
16/2/2023,151.318,154.098,151.16,151.515,67194453
17/2/2023,150.174,150.815,148.696,150.372,58299489
21/2/2023,148.055,149.139,146.291,146.36,58026574
22/2/2023,146.744,147.809,145.059,146.783,50282836
23/2/2023,147.947,148.193,145.137,147.266,47703109
24/2/2023,145.009,145.088,143.639,144.615,54677463
27/2/2023,145.601,147.04,145.344,145.808,44355921
28/2/2023,144.95,146.951,144.733,145.305,49825160
1/3/2023,144.733,145.128,142.939,143.235,54686732
2/3/2023,142.318,144.615,141.845,143.826,51492138
3/3/2023,145.926,148.952,145.226,148.873,69722247
6/3/2023,151.594,154.068,151.269,151.633,86307667
7/3/2023,151.505,151.83,148.972,149.435,55379702
8/3/2023,150.628,151.278,149.662,150.687,46530710
9/3/2023,151.367,152.333,148.085,148.439,53064829
10/3/2023,148.065,148.785,145.502,146.379,67593177
13/3/2023,145.699,150.953,145.591,148.321,83251059
14/3/2023,149.12,151.209,147.957,150.411,72643515
15/3/2023,149.031,151.062,147.779,150.805,76065941
16/3/2023,149.987,154.226,149.475,153.624,75073489
17/3/2023,153.851,154.502,152.077,152.787,97531671
20/3/2023,152.856,155.566,151.949,155.152,72589788
21/3/2023,155.073,157.124,154.305,157.005,72882423
22/3/2023,157.025,159.825,155.556,155.576,74620736
23/3/2023,156.562,159.243,155.428,156.66,66656423
24/3/2023,156.591,158.05,155.596,157.962,58351163
27/3/2023,157.656,158.474,155.616,156.02,51642146
28/3/2023,155.714,156.227,153.753,155.399,45335414
29/3/2023,157.094,158.75,157.074,158.474,50573053
30/3/2023,159.223,160.15,158.967,160.042,48794816
31/3/2023,160.12,162.644,159.598,162.545,67768041
3/4/2023,161.924,163.915,161.875,163.797,56162582
4/4/2023,164.221,164.458,162.752,163.265,45617445
5/4/2023,162.387,162.693,159.49,161.421,50776111
6/4/2023,160.11,162.604,159.687,162.309,44741914
10/4/2023,159.115,159.716,157.794,159.716,47035499
11/4/2023,160.032,160.041,158.218,158.504,46963818
12/4/2023,158.918,159.746,157.498,157.814,49417177
13/4/2023,159.322,163.432,159.115,163.196,67468196
14/4/2023,162.24,163.945,161.481,162.851,48681260
17/4/2023,162.732,163.028,161.688,162.87,40923345
18/4/2023,163.728,165.019,163.285,164.093,49210097
19/4/2023,163.432,165.759,163.176,165.236,47038743
20/4/2023,163.718,165.473,163.196,164.27,51707311
21/4/2023,162.693,164.073,162.141,162.663,57504238
24/4/2023,162.644,163.235,161.55,162.969,41350537
25/4/2023,162.831,163.935,161.392,161.431,48018443
26/4/2023,160.732,162.92,160.475,161.421,44849075
27/4/2023,162.831,166.153,162.831,166.005,63975493
28/4/2023,166.084,167.424,165.483,167.257,54486537
1/5/2023,166.863,168.016,166.232,167.168,51723570
2/5/2023,167.661,167.917,165.148,166.133,47734167
3/5/2023,167.079,168.479,164.773,165.059,64205852
4/5/2023,162.535,164.655,161.964,163.423,80075349
5/5/2023,168.538,171.811,168.322,171.091,111833075
8/5/2023,170.017,171.367,169.652,171.022,55163645
9/5/2023,170.579,171.062,169.15,169.317,44679625
10/5/2023,170.549,171.545,169.445,171.081,52957295
11/5/2023,171.367,172.097,169.711,171.269,48807616
12/5/2023,171.377,171.812,168.791,170.341,44944945
15/5/2023,170.923,170.973,169.255,169.847,36785332
16/5/2023,169.768,170.904,169.581,169.847,41566368
17/5/2023,169.492,170.696,168.219,170.459,57203052
18/5/2023,170.765,172.976,170.351,172.789,64650687
19/5/2023,174.112,174.112,172.68,172.898,55088622
22/5/2023,171.733,172.453,171.21,171.95,43008105
23/5/2023,170.894,171.141,169.068,169.344,50091809
24/5/2023,168.88,170.193,168.318,169.62,44560396
25/5/2023,170.183,171.654,169.472,170.755,55334199
26/5/2023,171.081,173.5,170.874,173.164,54126705
30/5/2023,174.674,176.678,174.289,175.01,55241534
31/5/2023,175.04,177.033,174.477,174.96,98338461
1/6/2023,175.405,177.793,174.645,177.764,68011804
2/6/2023,178.692,179.432,176.945,178.613,61196097
5/6/2023,180.271,182.561,175.74,177.26,120371341
6/6/2023,177.645,177.793,175.138,176.895,64010773
7/6/2023,176.135,178.869,175.03,175.523,61144462
8/6/2023,175.602,178.504,175.168,178.238,49566280
9/6/2023,179.156,179.876,178.297,178.623,48268375
12/6/2023,178.929,181.515,178.632,181.416,53573836
13/6/2023,180.439,181.771,180.083,180.942,54219585
14/6/2023,181.001,182.008,179.669,181.574,56720677
15/6/2023,181.584,184.111,181.406,183.607,64587996
16/6/2023,184.318,184.575,181.89,182.531,99948280
20/6/2023,182.028,183.696,182.028,182.62,49155865
21/6/2023,182.512,183.015,180.232,181.584,48876109
22/6/2023,181.367,184.634,181.298,184.585,50583386
23/6/2023,183.153,185.137,182.62,184.269,52430901
26/6/2023,184.417,185.621,182.837,182.877,47467547
27/6/2023,183.489,185.957,183.272,185.631,50075529
28/6/2023,185.503,187.447,185.177,186.805,50555244
29/6/2023,186.638,187.615,186.499,187.141,45748640
30/6/2023,189.155,191.968,188.79,191.464,84112506
3/7/2023,191.277,191.376,189.283,189.974,31051855
5/7/2023,189.096,190.487,188.158,188.859,46314233
6/7/2023,187.388,189.54,186.756,189.332,44511819
7/7/2023,188.938,190.181,187.783,188.217,46210294
10/7/2023,186.815,187.536,184.624,186.174,59148209
11/7/2023,186.717,186.855,184.19,185.651,46035683
12/7/2023,187.23,189.224,186.036,187.319,59965509
13/7/2023,188.039,188.72,187.329,188.079,40808283
14/7/2023,187.773,188.711,187.181,188.227,41078653
17/7/2023,189.421,191.81,189.333,191.484,49867649
18/7/2023,190.852,191.82,189.934,191.228,47664464
19/7/2023,190.606,195.669,190.161,192.58,79467390
20/7/2023,192.57,193.932,190.014,190.635,58811608
21/7/2023,191.593,192.452,188.76,189.461,71022333
24/7/2023,190.912,192.392,189.767,190.26,44791667
25/7/2023,190.833,191.928,190.428,191.119,36801630
26/7/2023,191.168,193.113,190.823,191.988,46858719
27/7/2023,193.488,194.653,190.063,190.724,46847162
28/7/2023,192.156,194.09,191.632,193.301,47667629
31/7/2023,193.527,193.952,192.738,193.913,38322618
1/8/2023,193.705,194.189,192.758,193.083,34720742
2/8/2023,192.521,192.659,189.372,190.092,49738436
3/8/2023,189.096,189.885,188.227,188.701,60444239
4/8/2023,183.124,184.96,179.57,179.639,114459027
7/8/2023,179.777,180.764,175.059,176.54,96315712
8/8/2023,177.369,177.941,175.286,177.478,66946959
9/8/2023,178.534,178.593,174.724,175.888,59598618
10/8/2023,177.162,178.415,175.306,175.671,53980521
11/8/2023,175.266,176.551,174.505,175.73,51433913
14/8/2023,175.908,177.609,175.256,177.381,43169678
15/8/2023,176.808,177.401,174.999,175.394,43117271
16/8/2023,175.078,176.472,174.455,174.525,46420855
17/8/2023,175.088,175.454,171.47,171.984,65297633
18/8/2023,170.304,173.072,169.968,172.469,60463578
21/8/2023,173.042,174.09,171.727,173.803,45775431
22/8/2023,175.009,175.622,174.208,175.177,41551929
23/8/2023,176.452,179.447,176.264,179.022,52112057
24/8/2023,178.577,179.002,173.971,174.337,54309303
25/8/2023,175.325,177.075,173.783,176.541,50853613
28/8/2023,178.004,178.498,176.482,178.103,43313086
29/8/2023,177.618,182.758,177.421,181.987,52389916
30/8/2023,182.798,185.674,182.6,185.476,60109444
31/8/2023,185.664,186.929,185.308,185.694,60090252
1/9/2023,187.295,187.72,186.099,187.265,45236342
5/9/2023,186.099,187.779,185.437,187.503,44755473
6/9/2023,186.218,186.662,179.368,180.791,80808754
7/9/2023,173.151,176.146,171.53,175.503,111185765
8/9/2023,176.284,178.152,175.73,176.116,64791967
11/9/2023,177.984,178.211,175.286,177.282,58270189
12/9/2023,177.411,178.043,172.795,174.258,89323382
13/9/2023,174.465,175.246,171.965,172.192,83291764
14/9/2023,171.984,174.06,171.569,173.704,60190408
15/9/2023,174.436,174.455,171.807,172.983,107993848
18/9/2023,174.436,177.302,174.129,175.908,66478490
19/9/2023,175.464,177.549,175.078,176.996,51226551
20/9/2023,177.183,177.618,173.368,173.457,57759267
21/9/2023,172.528,174.258,171.846,171.915,62417583
22/9/2023,172.647,175.029,172.034,172.765,56068315
25/9/2023,172.182,174.92,172.133,174.04,45637838
26/9/2023,172.795,173.171,169.671,169.968,63840696
27/9/2023,170.62,171.036,167.092,168.456,66146602
28/9/2023,167.378,170.037,165.678,168.713,55642277
29/9/2023,170.027,171.065,168.367,169.227,51260340
2/10/2023,169.237,172.281,168.95,171.737,51560232
3/10/2023,170.264,171.619,168.841,170.403,49020091
4/10/2023,169.108,172.192,168.99,171.648,52406106
5/10/2023,171.777,173.418,170.68,172.884,47965769
6/10/2023,171.787,175.928,171.174,175.434,56603337
9/10/2023,174.762,176.976,173.764,176.917,41899750
10/10/2023,176.037,177.638,175.889,176.324,43191819
11/10/2023,176.136,177.767,175.543,177.717,47000269
12/10/2023,177.984,180.228,176.966,178.617,56085802
13/10/2023,179.318,179.822,176.076,176.778,50831368
16/10/2023,174.702,177.005,174.465,176.65,51908641
17/10/2023,174.604,176.353,172.775,175.098,56882750
18/10/2023,173.546,175.523,173.082,173.803,54130019
19/10/2023,174.001,175.78,173.161,173.428,58615945
20/10/2023,173.279,173.388,170.64,170.877,63499813
23/10/2023,168.93,171.994,167.962,170.996,55331637
24/10/2023,171.045,171.658,169.464,171.431,43309036
25/10/2023,169.889,171.055,168.673,169.118,56494901
26/10/2023,168.396,169.395,163.751,164.957,69807199
27/10/2023,164.977,167.003,164.898,166.271,57821467
30/10/2023,167.062,169.187,166.914,168.317,50538710
31/10/2023,167.388,168.92,165.955,168.792,44326504
1/11/2023,169.019,172.212,168.149,171.955,56275389
2/11/2023,173.487,175.721,173.428,175.513,76438985
3/11/2023,172.222,174.772,171.342,174.604,78904465
6/11/2023,174.337,177.352,174.169,177.154,63101762
7/11/2023,177.104,180.327,176.897,179.714,69712982
8/11/2023,180.238,181.325,179.486,180.771,48768741
9/11/2023,180.841,181.987,179.704,180.297,53140715
10/11/2023,182.079,184.652,181.643,184.484,65453439
13/11/2023,183.909,184.117,182.316,182.9,43178925
14/11/2023,185.77,186.176,184.385,185.513,59490384
15/11/2023,185.919,187.552,185.849,186.077,53237431
16/11/2023,187.621,188.997,186.71,187.76,53853455
17/11/2023,188.294,188.423,186.631,187.74,50399138
20/11/2023,187.938,189.937,187.928,189.482,46026956
21/11/2023,189.442,189.551,187.789,188.68,37742413
22/11/2023,189.521,190.946,188.868,189.343,39210361
24/11/2023,188.908,188.937,187.304,188.017,23801044
27/11/2023,187.967,188.71,186.958,187.839,40135643
28/11/2023,187.829,189.115,187.453,188.442,38020432
29/11/2023,188.937,190.115,187.027,187.423,42571951
30/11/2023,187.888,188.363,186.255,187.997,48292713
1/12/2023,188.373,189.59,187.284,189.274,45234870
4/12/2023,188.027,188.096,185.523,187.482,42943374
5/12/2023,188.254,192.401,188.225,191.431,65943342
6/12/2023,192.451,192.758,190.135,190.343,40667223
7/12/2023,191.639,192.995,191.6,192.273,46989555
8/12/2023,192.203,193.975,191.679,193.698,52857300
11/12/2023,191.124,191.501,189.452,191.194,60317101
12/12/2023,191.095,192.718,189.749,192.708,52155100
13/12/2023,193.084,195.964,192.847,195.925,69680313
14/12/2023,195.984,197.568,194.143,196.073,66144460
15/12/2023,195.499,196.36,194.975,195.539,127216778
18/12/2023,194.074,194.608,192.391,193.876,55178671
19/12/2023,194.143,194.925,193.876,194.915,40295485
20/12/2023,194.876,195.648,192.827,192.827,51705651
21/12/2023,194.084,195.054,191.51,192.678,46004591
22/12/2023,193.173,193.401,190.986,191.609,36767646
26/12/2023,191.619,191.896,190.847,191.065,28621958
27/12/2023,190.511,191.51,189.125,191.164,47593279
28/12/2023,192.144,192.659,191.184,191.59,33699815
29/12/2023,191.906,192.401,189.759,190.551,42233366
2/1/2024,185.226,186.503,181.999,183.731,81640574
3/1/2024,182.326,183.969,181.544,182.356,57813901
4/1/2024,180.277,181.208,179.02,180.04,71243504
5/1/2024,180.119,180.881,178.318,179.317,61738344
8/1/2024,180.218,183.692,179.634,183.652,58536385
9/1/2024,182.029,183.246,180.851,183.236,42401326
10/1/2024,182.455,184.484,182.029,184.276,46311802
11/1/2024,184.622,185.127,181.732,183.682,48623271
12/1/2024,184.147,184.82,183.286,184.008,40061614
16/1/2024,180.287,182.365,179.07,181.742,64928500
17/1/2024,179.406,181.049,178.446,180.802,46830887
18/1/2024,184.177,187.195,183.919,186.691,77203783
19/1/2024,187.383,189.976,186.879,189.59,68194547
22/1/2024,190.323,193.322,190.283,191.896,59515627
23/1/2024,193.015,193.737,191.837,193.173,41920109
24/1/2024,193.411,194.361,192.342,192.5,53079876
25/1/2024,193.213,194.252,191.124,192.174,54258435
26/1/2024,192.273,192.758,189.967,190.442,44135499
29/1/2024,190.036,190.224,187.631,189.759,46660866
30/1/2024,188.977,189.828,185.542,186.107,55285062
31/1/2024,185.117,185.176,182.455,182.504,54897510
1/2/2024,182.098,185.028,181.93,184.939,64218281
2/2/2024,178.011,185.404,177.407,183.939,101497324
5/2/2024,186.215,187.304,183.929,185.75,68952475
6/2/2024,184.939,187.364,184.85,187.354,43043647
7/2/2024,188.68,189.086,186.671,187.462,52889544
8/2/2024,187.443,187.591,185.424,186.384,40540852
9/2/2024,186.949,188.277,186.305,187.147,44747954
12/2/2024,186.721,186.968,185.105,185.462,41405070
13/2/2024,184.095,184.531,181.855,183.371,56019684
14/2/2024,183.649,183.857,180.795,182.489,54137802
15/2/2024,181.895,182.826,179.714,182.202,64844358
16/2/2024,181.766,183.183,180.032,180.666,49303797
20/2/2024,180.15,180.785,178.377,179.923,53181616
21/2/2024,180.299,181.241,179.031,180.676,40998281
22/2/2024,181.825,183.292,180.814,182.707,51820586
23/2/2024,183.341,183.371,180.587,180.874,44712777
26/2/2024,180.596,181.112,179.021,179.526,40498835
27/2/2024,179.467,182.261,177.941,180.983,53829010
28/2/2024,180.864,181.469,178.505,179.784,48512392
29/2/2024,179.635,180.923,177.911,179.12,135449923
1/3/2024,177.931,178.902,175.78,178.04,72899656
4/3/2024,174.561,175.305,172.223,173.521,80774973
5/3/2024,169.22,170.488,168.09,168.586,94274408
6/3/2024,169.517,169.696,167.159,167.595,67969105
7/3/2024,167.624,169.19,166.97,167.476,71117855
8/3/2024,167.476,172.133,167.416,169.19,75579154
11/3/2024,171.38,172.807,170.498,171.192,59597113
12/3/2024,171.588,172.46,169.468,171.668,59285856
13/3/2024,171.212,171.628,169.22,169.587,52015311
14/3/2024,171.351,172.738,170.498,171.44,72255930
15/3/2024,169.626,171.063,168.754,171.063,120654655
18/3/2024,173.987,176.107,171.955,172.153,74922361
19/3/2024,172.768,175.017,171.469,174.492,54717235
20/3/2024,174.135,177.059,173.511,177.059,52941284
21/3/2024,175.453,175.889,169.299,169.824,105223704
22/3/2024,170.211,171.489,168.526,170.726,70518346
25/3/2024,169.032,170.389,167.922,169.309,53798673
26/3/2024,168.467,169.874,168.051,168.179,56870819
27/3/2024,168.873,172.034,168.576,171.747,59729724
28/3/2024,170.201,170.677,168.972,169.934,65080428
1/4/2024,169.646,169.706,167.952,168.497,45823457
2/4/2024,167.555,167.813,166.713,167.317,48884617
3/4/2024,167.268,169.141,167.06,168.12,47261589
4/4/2024,168.754,170.37,167.298,167.298,53220068
5/4/2024,168.061,168.853,167.426,168.051,41725067
8/4/2024,167.506,167.674,166.723,166.931,37087971
9/4/2024,167.178,168.546,166.832,168.14,41991644
10/4/2024,167.278,167.565,165.603,166.267,49260974
11/4/2024,166.822,173.878,166.643,173.461,90248982
12/4/2024,172.688,176.751,172.639,174.958,100753933
15/4/2024,173.779,175.037,170.944,171.133,72868655
16/4/2024,170.201,172.193,166.752,167.852,73046415
17/4/2024,168.08,169.111,166.485,166.485,50442150
18/4/2024,166.515,167.119,165.048,165.533,42733983
19/4/2024,164.711,164.899,162.6,163.512,67534775
22/4/2024,164.027,165.751,163.284,164.344,47682441
23/4/2024,163.859,165.543,163.433,165.395,49091040
24/4/2024,165.038,167.773,164.711,167.496,47816643
25/4/2024,168.001,169.071,166.633,168.358,50102326
26/4/2024,168.348,169.795,167.654,167.773,44434007
29/4/2024,171.806,174.442,171.539,171.935,67554579
30/4/2024,171.767,173.412,168.467,168.794,65340136
1/5/2024,168.051,171.152,167.585,167.773,49928700
2/5/2024,170.954,171.856,169.349,171.469,93365207
3/5/2024,184.967,185.314,181.013,181.726,161751986
6/5/2024,180.705,182.539,178.793,180.071,77861098
7/5/2024,181.796,183.232,179.685,180.755,76608607
8/5/2024,181.201,181.419,179.814,181.092,44650738
9/5/2024,180.913,182.995,180.468,182.905,48541232
10/5/2024,183.481,183.669,180.732,181.645,50369951
13/5/2024,184.017,185.664,183.203,184.85,71491894
14/5/2024,186.071,186.855,184.86,185.992,51991486
15/5/2024,186.468,189.187,185.932,188.264,69859717
16/5/2024,189.008,189.633,188.204,188.383,52439619
17/5/2024,188.056,189.346,187.728,188.413,40966065
20/5/2024,187.877,190.447,187.559,189.574,44020834
21/5/2024,189.624,191.251,189.455,190.874,41984694
22/5/2024,190.794,191.34,188.81,189.435,34382583
23/5/2024,189.514,189.534,185.198,185.446,50614458
24/5/2024,187.371,189.117,186.597,188.522,36048209
28/5/2024,190.04,191.519,187.649,188.532,51878870
29/5/2024,188.155,190.775,188.056,188.83,52660724
30/5/2024,189.296,190.705,189.167,189.822,49506214
31/5/2024,189.971,191.092,188.453,190.775,74581506
3/6/2024,191.42,193.493,191.042,192.541,49696153
4/6/2024,193.146,193.821,191.548,192.858,47107066
5/6/2024,193.9,195.389,193.374,194.367,53741175
6/6/2024,194.188,194.992,192.68,192.987,40865737
7/6/2024,193.156,195.428,192.65,195.379,52696336
10/6/2024,195.389,195.786,190.675,191.638,96265695
11/6/2024,192.164,205.57,192.144,205.56,171050398
12/6/2024,205.779,218.51,205.312,211.435,196613724
13/6/2024,213.092,215.087,209.976,212.596,97111646
14/6/2024,212.209,213.519,209.678,210.859,69584528
17/6/2024,211.732,217.27,211.087,215.007,93008954
18/6/2024,215.92,216.952,211.365,212.645,79329763
20/6/2024,212.288,212.596,207.247,208.071,85511165
21/6/2024,208.775,210.264,205.52,205.898,239949346
24/6/2024,206.126,211.068,205.005,206.543,80107449
25/6/2024,207.545,209.758,207.009,207.465,55123386
26/6/2024,209.877,213.211,209.023,211.613,65705043
27/6/2024,213.042,214.084,210.72,212.457,49390722
28/6/2024,214.114,214.412,208.686,209.004,81909227
1/7/2024,210.462,215.841,210.294,215.087,59939323
2/7/2024,214.491,218.689,213.449,218.579,57600714
3/7/2024,218.312,219.85,217.349,219.85,37083003
5/7/2024,219.949,224.712,219.949,224.603,59948751
8/7/2024,225.347,226.101,221.537,226.072,58632446
9/7/2024,226.181,227.639,224.633,226.925,47707141
10/7/2024,227.54,231.291,227.491,231.192,62147065
11/7/2024,229.614,230.607,224.037,225.824,64213975
12/7/2024,227.163,230.855,226.925,228.771,52639390
15/7/2024,234.665,235.409,231.301,232.601,62150637
16/7/2024,233.196,234.457,230.547,233.018,42902485
17/7/2024,227.689,229.684,224.901,227.123,56905784
18/7/2024,228.513,228.671,220.564,222.46,65527808
19/7/2024,223.095,225.059,221.566,222.589,48774280
22/7/2024,225.268,226.032,221.378,222.241,47831871
23/7/2024,222.648,225.198,220.971,223.283,39653614
24/7/2024,222.281,223.075,215.464,216.863,61303484
25/7/2024,217.25,219.155,212.973,215.821,50996781
26/7/2024,217.021,217.805,214.352,216.287,41282018
29/7/2024,215.295,217.617,214.094,216.565,36033122
30/7/2024,217.508,218.639,214.461,217.121,41324201
31/7/2024,219.74,222.102,218.937,220.376,49652286
1/8/2024,222.648,222.757,215.355,216.684,62021337
2/8/2024,217.468,223.869,216.039,218.173,104758421
5/8/2024,197.562,211.861,194.496,207.664,118631091
6/8/2024,203.724,208.378,199.527,205.64,69125886
7/8/2024,205.312,212,204.806,208.21,63028932
8/8/2024,211.474,212.556,207.227,211.673,46799151
9/8/2024,210.472,215.116,210.343,214.58,41877711
12/8/2024,214.66,218.077,214.193,216.11,37779929
13/8/2024,217.581,220.442,217.581,219.826,43867144
14/8/2024,219.13,221.574,218.266,220.273,41686755
15/8/2024,223.134,223.879,221.306,223.253,46111107
16/8/2024,222.459,225.35,222.191,224.575,44050836
19/8/2024,224.247,224.515,221.584,224.416,40422264
20/8/2024,224.297,225.688,223.979,225.032,30101269
21/8/2024,225.042,226.492,223.581,224.923,34538618
22/8/2024,226.303,226.85,222.439,223.065,43410141
23/8/2024,224.187,226.731,222.866,225.36,38424885
26/8/2024,225.28,225.797,222.429,225.697,30402487
27/8/2024,224.525,227.357,223.422,226.542,35700095
28/8/2024,226.433,228.36,224.207,225.012,37803867
29/8/2024,228.598,231.4,227.386,228.29,51567562
30/8/2024,228.688,228.896,225.995,227.505,52644971
3/9/2024,227.059,227.505,219.727,221.316,49863055
4/9/2024,220.213,220.333,216.061,219.409,43554092
5/9/2024,220.184,224.008,220.074,220.929,36376440
6/9/2024,222.488,223.77,218.336,219.379,48106985
9/9/2024,219.379,219.826,215.296,219.468,66741571
10/9/2024,217.491,220.035,215.316,218.673,51254303
11/9/2024,220.015,221.634,216.468,221.207,44296120
12/9/2024,221.048,222.091,218.385,221.316,37211164
13/9/2024,222.121,222.578,220.462,221.048,36526667
16/9/2024,215.127,215.802,212.524,214.908,58970035
17/9/2024,214.342,215.484,213.1,215.375,45222235
18/9/2024,216.13,221.257,216.12,219.25,59504032
19/9/2024,223.522,228.32,223.164,227.376,66345487
20/9/2024,228.469,231.569,226.135,226.711,316600241
23/9/2024,225.856,227.953,224.336,224.992,53792630
24/9/2024,227.158,227.853,224.257,225.886,43271856
25/9/2024,223.462,225.807,222.558,224.893,42032592
26/9/2024,225.817,227.009,223.939,226.035,36397608
27/9/2024,226.969,228.022,225.817,226.303,33803940
30/9/2024,228.539,231.479,228.151,231.479,54185950
1/10/2024,228.022,228.151,222.28,224.734,62871987
2/10/2024,224.416,225.886,221.564,225.3,32666016
3/10/2024,223.671,225.33,221.863,224.197,33822031
4/10/2024,226.413,226.512,222.667,225.32,37002038
7/10/2024,223.035,224.217,219.885,220.243,39247579
8/10/2024,222.836,224.505,221.793,224.297,31647806
9/10/2024,223.76,228.251,223.363,228.042,33371881
10/10/2024,226.294,228.002,225.688,227.545,27999576
11/10/2024,227.804,227.913,225.856,226.065,31551938
14/10/2024,227.208,230.218,227.108,229.79,39621823
15/10/2024,232.085,235.94,230.854,232.324,64328834
16/10/2024,230.089,230.605,228.34,230.267,33859779
17/10/2024,231.907,232.324,229.016,230.635,32778484
18/10/2024,234.639,234.639,232.483,233.466,46128490
21/10/2024,232.92,235.304,232.92,234.937,36017898
22/10/2024,232.364,234.678,231.082,234.321,38593091
23/10/2024,232.552,233.605,226.274,229.254,51945761
24/10/2024,228.479,229.314,226.919,229.065,30906479
25/10/2024,228.241,231.698,228.072,229.9,38549073
28/10/2024,231.797,233.198,231.032,231.877,35851591
29/10/2024,231.579,232.801,230.804,232.145,35186072
30/10/2024,231.092,231.946,228.052,228.598,46763722
31/10/2024,227.843,228.33,223.899,224.436,63950017
1/11/2024,219.528,223.879,218.833,221.455,64850707
4/11/2024,219.548,221.336,218.276,220.561,44651179
5/11/2024,220.353,222.488,219.697,221.992,27927850
6/11/2024,221.157,224.595,219.747,221.266,54205027
7/11/2024,223.164,226.393,223.105,225.995,41862716
8/11/2024,225.936,227.418,225.18,225.727,38120555
11/11/2024,223.778,224.474,220.297,223.012,41777391
12/11/2024,223.33,224.364,222.146,223.012,40178824
13/11/2024,222.793,225.419,221.55,223.897,48302335
14/11/2024,223.798,227.627,223.778,226.98,44679832
15/11/2024,225.17,225.687,223.052,223.778,47663336
18/11/2024,224.026,228.492,223.947,226.781,44391212
19/11/2024,225.747,228.91,225.428,227.04,36015053
20/11/2024,226.821,228.681,224.663,227.756,34978517
21/11/2024,227.636,228.91,224.484,227.278,41879516
22/11/2024,226.821,229.467,226.821,228.621,37960929
25/11/2024,230.202,231.983,228.492,231.605,89662993
26/11/2024,232.062,234.29,232.062,233.783,45736353
27/11/2024,233.196,234.41,232.54,233.654,33316400
29/11/2024,233.534,236.518,232.699,236.041,28326662
2/12/2024,235.981,239.482,235.872,238.288,47875570
3/12/2024,238.507,241.441,237.602,241.332,38649871
4/12/2024,241.551,242.784,239.939,241.69,44142757
5/12/2024,242.664,243.212,240.814,241.72,39816402
6/12/2024,241.59,243.301,240.765,241.521,36670274
9/12/2024,240.516,245.897,240.437,245.409,44406620
10/12/2024,245.549,246.861,244.007,246.424,36714247
11/12/2024,246.613,249.437,244.922,245.151,44960193
12/12/2024,245.549,247.389,244.345,246.613,32599415
13/12/2024,246.474,247.936,244.902,246.782,32975166
16/12/2024,246.643,250.014,246.305,249.676,51413942
17/12/2024,248.721,252.451,248.423,252.103,51077372
18/12/2024,250.79,252.898,246.394,246.702,56465636
19/12/2024,246.155,250.631,245.748,248.433,60551529
20/12/2024,246.692,253.615,244.355,253.107,146693926
23/12/2024,253.386,254.261,252.073,253.883,40636811
24/12/2024,254.102,256.807,253.903,256.797,23108466
26/12/2024,256.787,258.687,256.23,257.613,27089116
27/12/2024,256.429,257.294,251.685,254.201,42125187
30/12/2024,250.86,252.123,249.388,250.83,35364316
31/12/2024,251.068,251.904,248.075,249.059,39266206
2/1/2025,247.578,247.747,240.506,242.525,55437869
3/1/2025,242.038,242.853,240.576,242.038,40025450
6/1/2025,242.983,245.986,241.879,243.669,44800864
7/1/2025,241.66,244.216,240.039,240.894,40634034
8/1/2025,240.606,242.386,238.746,241.381,37424460
10/1/2025,238.706,238.855,231.734,235.563,61375626
13/1/2025,232.261,233.395,228.472,233.126,49361055
14/1/2025,233.475,234.837,231.207,232.013,39221050
15/1/2025,233.365,237.662,233.156,236.578,39615584
16/1/2025,236.061,236.717,226.791,227.02,71369244
17/1/2025,230.859,231.028,227.239,228.73,68116198
21/1/2025,222.783,223.201,218.188,221.43,97537585
22/1/2025,218.596,222.902,218.596,222.614,63778092
23/1/2025,223.519,225.796,221.092,222.445,59907529
24/1/2025,223.559,224.404,220.207,221.57,54400717
27/1/2025,222.803,230.889,222.763,228.611,94348019
28/1/2025,229.596,238.885,229.556,236.965,75296270
29/1/2025,232.848,238.557,232.739,238.059,45238963
30/1/2025,237.373,239.482,235.921,236.299,55355915
31/1/2025,245.847,245.847,232.172,234.718,100411280
3/2/2025,228.74,230.57,224.474,226.771,72666340
4/2/2025,226.015,231.863,225.419,231.535,44822450
5/2/2025,227.288,231.406,227.03,231.207,39405045
6/2/2025,230.033,232.53,229.178,231.953,29762714
7/2/2025,231.336,232.729,226.025,226.393,39491473
10/2/2025,228.574,229.589,226.214,226.662,32971893
11/2/2025,227.21,234.209,227.14,231.611,53485278
12/2/2025,230.197,235.932,229.679,235.842,45046966
13/2/2025,235.882,241.288,234.548,240.482,53381446
14/2/2025,240.203,244.484,239.944,243.539,40718738
18/2/2025,243.09,244.116,240.79,243.409,48610630
19/2/2025,243.598,244.943,242.105,243.807,32064452
20/2/2025,243.877,245.709,243.23,244.763,32176658
21/2/2025,244.883,247.611,244.156,244.484,52966542
24/2/2025,243.867,247.78,243.359,246.028,51103667
25/2/2025,246.924,248.915,243.847,245.968,47804952
26/2/2025,243.27,243.917,238.092,239.317,44240788
27/2/2025,238.371,241.408,236.031,236.27,40975008
28/2/2025,235.922,241.039,229.201,240.79,56586763
3/3/2025,240.741,242.971,235.085,236.997,46979251
4/3/2025,236.678,239.028,233.662,234.906,53564647
5/3/2025,234.398,235.523,228.235,234.717,47022655
6/3/2025,233.423,236.828,232.148,234.309,44974386
7/3/2025,234.09,240.322,233.741,238.033,46072785
10/3/2025,234.518,235.135,223.247,226.493,71758431
11/3/2025,222.839,224.86,216.506,219.882,75807014
12/3/2025,219.185,220.788,213.977,216.038,62276071
13/3/2025,215.013,215.899,207.516,208.77,61101994
14/3/2025,210.333,213.022,208.671,212.564,59846774
17/3/2025,212.384,214.286,209.059,213.071,47864775
18/3/2025,213.231,214.216,210.572,211.767,42248258
19/3/2025,213.29,217.811,212.822,214.306,54149403
20/3/2025,213.061,216.546,211.299,213.171,48650856
21/3/2025,210.642,217.89,210.363,217.323,93719325
24/3/2025,220.041,220.519,217.631,219.772,44107254
25/3/2025,219.812,223.128,219.125,222.779,34343909
26/3/2025,222.54,224.044,219.513,220.569,34316539
27/3/2025,220.429,224.014,219.603,222.879,36933827
28/3/2025,220.708,222.839,216.735,216.954,39645803
31/3/2025,216.068,224.641,215.292,221.166,65015943
1/4/2025,218.856,222.709,217.95,222.221,36254692
2/4/2025,220.36,224.213,220.061,222.918,35750082
3/4/2025,204.648,206.59,200.377,202.308,102970235
4/4/2025,193.049,199.013,186.527,187.562,125364493
7/4/2025,176.431,193.307,173.862,180.673,159769908
8/4/2025,185.89,189.514,168.476,171.672,120335042
9/4/2025,171.204,199.74,171.144,197.987,183595723
10/4/2025,188.25,193.935,182.206,189.594,121351119
11/4/2025,185.292,198.674,185.253,197.29,87056460
14/4/2025,210.523,212.016,200.287,201.641,100913097
15/4/2025,200.984,202.627,198.933,201.263,51121090
16/4/2025,197.499,199.829,191.535,193.427,59473202
17/4/2025,196.344,197.967,193.576,196.125,51938330
21/4/2025,192.431,192.959,188.986,192.322,46539665
22/4/2025,195.269,200.715,195.12,198.873,52746501
23/4/2025,205.106,207.097,201.92,203.712,52699504
24/4/2025,204.001,207.924,202.059,207.466,47105699
25/4/2025,205.474,208.84,205.305,208.372,38056429
28/4/2025,209.089,210.582,206.56,209.228,38574975
29/4/2025,207.784,211.319,207.466,210.293,36667777
30/4/2025,208.392,212.653,205.773,211.578,52059613
1/5/2025,208.173,213.629,207.993,212.394,57116762
2/5/2025,205.196,206.092,201.283,204.459,100572273
5/5/2025,202.219,203.214,197.35,198.027,68718988
6/5/2025,197.35,199.779,196.165,197.649,50994255
7/5/2025,198.306,198.575,192.411,195.398,68239294
8/5/2025,196.862,199.182,193.835,196.633,50259849
9/5/2025,198.137,199.67,196.683,197.669,36295712
12/5/2025,210.33,210.629,206.123,210.15,63582315
13/5/2025,209.792,212.753,208.366,212.284,51751814
14/5/2025,211.786,213.291,209.941,211.686,49176148
15/5/2025,210.31,212.314,208.904,210.809,44892889
16/5/2025,211.716,211.925,209.134,210.619,54571841
19/5/2025,207.279,208.844,203.64,208.147,46000518
20/5/2025,207.04,207.837,204.408,206.232,42367668
21/5/2025,204.548,206.412,200.101,201.477,59032163
22/5/2025,200.101,202.135,199.094,200.749,46600590
23/5/2025,193.083,197.1,192.873,194.678,78194954
27/5/2025,197.698,200.131,196.831,199.603,56117731
28/5/2025,199.982,202.115,199.294,199.812,45202156
29/5/2025,202.962,203.192,197.908,199.343,51240875
30/5/2025,198.765,201.347,196.183,200.241,70605025
2/6/2025,199.672,201.517,199.513,201.088,35315836
3/6/2025,200.739,203.152,200.35,202.653,46240883
4/6/2025,202.294,205.614,201.487,202.205,43471717
5/6/2025,202.883,204.129,199.543,200.021,54958851
6/6/2025,202.384,205.076,201.437,203.301,46466291
9/6/2025,203.77,205.375,199.413,200.839,72641535
10/6/2025,199.991,203.73,199.962,202.055,54506724
11/6/2025,202.883,203.88,197.808,198.177,60804856
12/6/2025,198.476,199.074,196.761,198.596,43771409
13/6/2025,199.124,199.762,195.106,195.854,51291217
16/6/2025,196.701,198.087,195.964,197.818,42890177
17/6/2025,196.602,197.788,194.618,195.046,38738325
18/6/2025,195.346,196.971,194.478,195.984,45256978
20/6/2025,197.639,201.088,196.263,200.39,96519784
23/6/2025,201.018,201.686,198.356,200.889,55644974
24/6/2025,201.975,202.823,199.593,199.692,53899973
25/6/2025,200.839,203.052,200.011,200.949,39405786
26/6/2025,200.819,202.025,198.855,200.39,50644984
27/6/2025,201.277,202.603,199.393,200.47,72966537
30/6/2025,201.397,206.761,198.655,204.548,91633930
1/7/2025,206.043,209.552,205.515,207.189,78549864
2/7/2025,208.276,212.693,207.508,211.796,67735678
3/7/2025,211.506,213.999,211.167,212.902,34849746
7/7/2025,212.035,215.574,208.167,209.313,50076602
8/7/2025,209.463,210.789,207.818,209.373,42718911
9/7/2025,208.894,210.689,206.591,210.499,48601494
10/7/2025,209.871,212.832,209.393,211.766,44308769
11/7/2025,209.931,211.486,209.223,210.519,39645162
14/7/2025,209.293,210.27,206.91,207.987,38722269
15/7/2025,208.585,211.247,208.286,208.476,42167981
16/7/2025,209.662,211.756,208.007,209.522,47346420
17/7/2025,209.931,211.157,208.954,209.383,47922262
18/7/2025,210.23,211.147,209.064,210.539,48826016
21/7/2025,211.457,215.125,210.988,211.835,51221537
22/7/2025,212.493,214.298,211.586,213.749,46263308
23/7/2025,214.348,214.497,211.766,213.5,46846741
24/7/2025,213.251,215.036,212.882,213.111,45882978
25/7/2025,214.049,214.587,212.753,213.231,40146627
28/7/2025,213.381,214.198,212.414,213.401,37743144
29/7/2025,213.53,214.158,210.18,210.629,51255715
30/7/2025,211.257,211.746,207.09,208.416,45374428
31/7/2025,207.857,209.203,206.531,206.94,80453587
1/8/2025,210.23,212.932,200.889,201.766,104117657
4/8/2025,203.89,207.249,201.068,202.733,74881442
5/8/2025,202.783,204.717,201.547,202.304,44021146
6/8/2025,205.006,214.727,204.966,212.603,108153963
7/8/2025,218.216,220.18,215.923,219.363,89951087
8/8/2025,220.16,230.299,218.585,228.654,113508591
11/8/2025,227.486,229.123,224.332,226.748,61688517
12/8/2025,227.576,230.361,226.638,229.213,55520373
13/8/2025,230.63,234.553,229.992,232.886,69745559
14/8/2025,233.615,234.673,230.411,232.337,51817544
15/8/2025,233.555,233.834,228.904,231.149,55932086
18/8/2025,231.259,232.677,229.672,230.451,37404913
19/8/2025,230.84,232.427,228.914,230.121,39327643
20/8/2025,229.542,230.031,225.34,225.58,42183490
21/8/2025,225.84,226.089,223.354,224.472,30562953
22/8/2025,225.74,228.654,224.981,227.327,42396988
25/8/2025,226.049,228.864,225.8,226.728,30924164
26/8/2025,226.438,229.053,224.263,228.874,54471286
27/8/2025,228.175,230.461,227.826,230.051,31200030
28/8/2025,230.381,232.966,228.904,232.118,38002270
29/8/2025,232.068,232.936,230.93,231.698,39343414
2/9/2025,228.814,230.411,226.538,229.283,43991754
3/9/2025,236.759,238.396,233.914,238.016,66301418
4/9/2025,237.996,239.444,236.29,239.324,47458934
5/9/2025,239.543,240.861,238.036,239.234,54766011
8/9/2025,238.845,239.693,235.89,237.428,48906292
9/9/2025,236.549,238.326,232.916,233.904,66187752
10/9/2025,231.748,231.978,225.52,226.359,83282079
11/9/2025,226.448,230.012,226.219,229.592,50113085
12/9/2025,228.784,234.064,228.584,233.625,55717999
15/9/2025,236.549,237.737,234.583,236.25,42618268
16/9/2025,236.729,240.761,235.87,237.697,63300436
17/9/2025,238.515,239.643,237.278,238.535,46419514
18/9/2025,239.514,240.741,236.2,237.428,44165428
19/9/2025,240.771,245.831,239.753,245.033,163429825
22/9/2025,247.828,256.152,247.648,255.593,105316650
23/9/2025,255.393,256.85,253.098,253.946,60160539
24/9/2025,254.734,255.253,250.562,251.83,42223221
25/9/2025,252.728,256.681,251.231,256.381,55097077
26/9/2025,253.617,257.11,253.297,254.974,45988642
29/9/2025,254.076,254.515,252.529,253.946,40051365
30/9/2025,254.375,255.433,252.628,254.146,37632573
1/10/2025,254.555,258.298,254.445,254.964,48621221
2/10/2025,256.092,257.689,253.667,256.641,42549094
3/10/2025,254.186,258.747,253.467,257.529,49062078
6/10/2025,257.499,258.577,254.565,256.202,44579136
7/10/2025,256.322,256.91,254.944,255.992,31895011
8/10/2025,256.032,258.028,255.623,257.569,36427473
9/10/2025,257.319,257.509,252.658,253.557,38249094
10/10/2025,254.455,255.892,243.536,244.803,61881153
13/10/2025,248.906,249.215,245.093,247.189,38070344
14/10/2025,246.131,248.376,244.234,247.299,35410501
15/10/2025,249.015,251.341,246.999,248.866,33829127
16/10/2025,247.778,248.566,244.664,246.979,39701336
17/10/2025,247.548,252.898,246.8,251.81,49053494
20/10/2025,255.403,263.877,255.144,261.741,90310860
21/10/2025,261.382,264.785,261.332,262.27,46607065
22/10/2025,262.15,262.35,254.944,257.958,44929659
23/10/2025,259.445,260.124,257.519,259.086,32692590
24/10/2025,260.693,263.628,258.687,262.32,38180925
27/10/2025,264.376,268.608,264.147,268.299,44802802
28/10/2025,268.478,269.377,267.64,268.488,41455791
29/10/2025,268.768,270.894,266.602,269.187,50989508
30/10/2025,271.473,273.618,267.969,270.884,69753551
31/10/2025,276.463,276.792,268.648,269.856,86003160
3/11/2025,269.906,270.335,265.743,268.538,50099117
4/11/2025,267.82,270.974,267.111,269.526,49181064
5/11/2025,268.099,271.183,266.422,269.626,43600000
6/11/2025,267.38,272.88,267.38,269.257,51106591
7/11/2025,269.287,271.772,266.263,267.959,48135659
10/11/2025,268.708,273.474,267.21,269.178,41273776
11/11/2025,269.558,275.652,269.548,274.993,46165105
12/11/2025,274.743,275.472,271.446,273.214,48352747
13/11/2025,273.854,276.441,271.836,272.695,49556423
14/11/2025,270.797,275.702,269.348,272.155,47386952
17/11/2025,268.569,270.237,265.482,267.21,44976221
18/11/2025,269.738,270.457,265.072,267.19,45634601
19/11/2025,265.282,271.956,265.252,268.309,40386704
20/11/2025,270.577,275.172,265.671,266.001,45780762
21/11/2025,265.701,273.074,265.422,271.236,58975616
24/11/2025,270.647,276.741,270.647,275.662,65524498
25/11/2025,275.013,280.118,274.993,276.711,46870347
26/11/2025,276.701,279.269,276.371,277.29,33400143
28/11/2025,277.001,278.739,275.732,278.589,20116775
1/12/2025,277.75,283.155,275.882,282.835,46544140
2/12/2025,282.736,287.131,282.366,285.922,53619335
3/12/2025,285.932,288.35,283.035,283.884,43498004
4/12/2025,283.834,284.464,278.33,280.438,43947979
5/12/2025,280.278,280.877,277.79,278.519,47221617
8/12/2025,277.87,279.409,275.892,277.63,38176076
9/12/2025,277.9,279.768,276.661,276.921,32163207
10/12/2025,277.49,279.488,276.182,278.519,33007416
11/12/2025,278.839,279.329,273.554,277.77,33216920
12/12/2025,277.64,278.959,276.561,278.02,39495950
15/12/2025,279.888,279.888,272.585,273.854,50361966
16/12/2025,272.565,275.242,271.536,274.353,37613407
17/12/2025,274.753,275.902,271.386,271.586,50091833
18/12/2025,273.354,273.374,266.7,271.935,51582425
19/12/2025,271.896,274.343,269.648,273.414,144496812
22/12/2025,272.605,273.624,270.257,270.717,36537613
23/12/2025,270.587,272.245,269.308,272.105,29614291
24/12/2025,272.085,275.172,271.945,273.554,17893854
26/12/2025,273.904,275.113,272.605,273.144,21501679
29/12/2025,272.435,274.103,272.095,273.504,23693032
30/12/2025,272.555,273.824,272.025,272.825,22118902
31/12/2025,272.805,273.424,271.496,271.606,27268089
